energy_MeV,raw_flux,norm_flux,corr_flux
0.5,3.674052e-01,4.939300e-01,1.946714e-01
1.5,2.688275e-02,3.614047e-02,1.424395e-02
2.5,2.617321e-02,3.518659e-02,1.386800e-02
3.5,1.111750e-02,1.494607e-02,5.890658e-03
4.5,1.060600e-02,1.425843e-02,5.619639e-03
5.5,9.566262e-03,1.286063e-02,5.068729e-03
6.5,7.982878e-03,1.073197e-02,4.229765e-03
7.5,5.148110e-03,6.920985e-03,2.727750e-03
8.5,4.692546e-03,6.308536e-03,2.486367e-03
9.5,3.865798e-03,5.197078e-03,2.048311e-03
10.5,3.464163e-03,4.657131e-03,1.835503e-03
11.5,2.836822e-03,3.813749e-03,1.503103e-03
12.5,2.873859e-03,3.863541e-03,1.522727e-03
13.5,2.866371e-03,3.853475e-03,1.518760e-03
14.5,2.724300e-03,3.662478e-03,1.443483e-03
15.5,2.516637e-03,3.383301e-03,1.333452e-03
16.5,2.458335e-03,3.304922e-03,1.302560e-03
17.5,2.291232e-03,3.080273e-03,1.214020e-03
18.5,2.179806e-03,2.930474e-03,1.154980e-03
19.5,2.186633e-03,2.939652e-03,1.158598e-03
20.5,2.977750e-03,4.003210e-03,1.577775e-03
21.5,2.879336e-03,3.870904e-03,1.525629e-03
22.5,2.869766e-03,3.858039e-03,1.520559e-03
23.5,2.834972e-03,3.811263e-03,1.502123e-03
24.5,2.825544e-03,3.798588e-03,1.497128e-03
25.5,2.805457e-03,3.771583e-03,1.486485e-03
26.5,2.788181e-03,3.748358e-03,1.477331e-03
27.5,2.706875e-03,3.639053e-03,1.434251e-03
28.5,2.707642e-03,3.640084e-03,1.434657e-03
29.5,2.759468e-03,3.709757e-03,1.462117e-03
30.5,2.774378e-03,3.729801e-03,1.470017e-03
31.5,2.812779e-03,3.781427e-03,1.490364e-03
32.5,2.713743e-03,3.648286e-03,1.437890e-03
33.5,2.675919e-03,3.597435e-03,1.417848e-03
34.5,2.650182e-03,3.562836e-03,1.404212e-03
35.5,2.682973e-03,3.606920e-03,1.421586e-03
36.5,2.679194e-03,3.601838e-03,1.419583e-03
37.5,2.648135e-03,3.560083e-03,1.403127e-03
38.5,2.678423e-03,3.600802e-03,1.419175e-03
39.5,2.706870e-03,3.639045e-03,1.434247e-03
40.5,2.590225e-03,3.482232e-03,1.372443e-03
41.5,2.567765e-03,3.452036e-03,1.360542e-03
42.5,2.523477e-03,3.392496e-03,1.337076e-03
43.5,2.433708e-03,3.271814e-03,1.289512e-03
44.5,2.302207e-03,3.095027e-03,1.219835e-03
45.5,2.194638e-03,2.950414e-03,1.162839e-03
46.5,2.164642e-03,2.910089e-03,1.146946e-03
47.5,2.196262e-03,2.952598e-03,1.163700e-03
48.5,2.311076e-03,3.106950e-03,1.224534e-03
49.5,2.310624e-03,3.106343e-03,1.224295e-03
50.5,2.470180e-03,3.320846e-03,1.308837e-03
51.5,2.477345e-03,3.330479e-03,1.312633e-03
52.5,2.549398e-03,3.427345e-03,1.350811e-03
53.5,2.519955e-03,3.387762e-03,1.335210e-03
54.5,2.496815e-03,3.356653e-03,1.322949e-03
55.5,2.361354e-03,3.174543e-03,1.251175e-03
56.5,2.330723e-03,3.133363e-03,1.234944e-03
57.5,2.208299e-03,2.968780e-03,1.170078e-03
58.5,2.271639e-03,3.053932e-03,1.203639e-03
59.5,2.196701e-03,2.953188e-03,1.163932e-03
60.5,2.189343e-03,2.943295e-03,1.160033e-03
61.5,2.174762e-03,2.923693e-03,1.152308e-03
62.5,2.191849e-03,2.946665e-03,1.161361e-03
63.5,2.157112e-03,2.899965e-03,1.142956e-03
64.5,2.270726e-03,3.052705e-03,1.203155e-03
65.5,2.223310e-03,2.988960e-03,1.178031e-03
66.5,2.310979e-03,3.106821e-03,1.224483e-03
67.5,2.410095e-03,3.240069e-03,1.277000e-03
68.5,2.389401e-03,3.212249e-03,1.266035e-03
69.5,2.241876e-03,3.013919e-03,1.187868e-03
70.5,2.074222e-03,2.788530e-03,1.099036e-03
71.5,2.118492e-03,2.848045e-03,1.122493e-03
72.5,1.953778e-03,2.626609e-03,1.035219e-03
73.5,1.689348e-03,2.271116e-03,8.951090e-04
74.5,1.567589e-03,2.107426e-03,8.305944e-04
75.5,1.521770e-03,2.045828e-03,8.063170e-04
76.5,1.590868e-03,2.138722e-03,8.429291e-04
77.5,1.643958e-03,2.210094e-03,8.710588e-04
78.5,1.733439e-03,2.330391e-03,9.184708e-04
79.5,1.762151e-03,2.368990e-03,9.336838e-04
80.5,1.789278e-03,2.405459e-03,9.480572e-04
81.5,1.840943e-03,2.474915e-03,9.754320e-04
82.5,1.752650e-03,2.356217e-03,9.286496e-04
83.5,1.764617e-03,2.372306e-03,9.349908e-04
84.5,1.743345e-03,2.343708e-03,9.237197e-04
85.5,1.639081e-03,2.203538e-03,8.684747e-04
86.5,1.652137e-03,2.221090e-03,8.753925e-04
87.5,1.713032e-03,2.302955e-03,9.076579e-04
88.5,1.735725e-03,2.333463e-03,9.196817e-04
89.5,1.611352e-03,2.166259e-03,8.537823e-04
90.5,1.576416e-03,2.119292e-03,8.352713e-04
91.5,1.577271e-03,2.120442e-03,8.357245e-04
92.5,1.494705e-03,2.009443e-03,7.919767e-04
93.5,1.560654e-03,2.098103e-03,8.269201e-04
94.5,1.737105e-03,2.335319e-03,9.204132e-04
95.5,1.863385e-03,2.505086e-03,9.873232e-04
96.5,1.724206e-03,2.317978e-03,9.135789e-04
97.5,1.577870e-03,2.121248e-03,8.360420e-04
98.5,1.354778e-03,1.821329e-03,7.178356e-04
99.5,1.296968e-03,1.743610e-03,6.872044e-04
100.5,1.328047e-03,1.785393e-03,7.036722e-04
101.5,1.370015e-03,1.841812e-03,7.259087e-04
102.5,1.431663e-03,1.924690e-03,7.585732e-04
103.5,1.402623e-03,1.885650e-03,7.431865e-04
104.5,1.446229e-03,1.944273e-03,7.662913e-04
105.5,1.478283e-03,1.987366e-03,7.832754e-04
106.5,1.440913e-03,1.937126e-03,7.634747e-04
107.5,1.365081e-03,1.835179e-03,7.232944e-04
108.5,1.404926e-03,1.888746e-03,7.444065e-04
109.5,1.372394e-03,1.845010e-03,7.271692e-04
110.5,1.307640e-03,1.757958e-03,6.928594e-04
111.5,1.216712e-03,1.635716e-03,6.446805e-04
112.5,1.156048e-03,1.554160e-03,6.125372e-04
113.5,1.108748e-03,1.490572e-03,5.874755e-04
114.5,1.058613e-03,1.423172e-03,5.609110e-04
115.5,1.075516e-03,1.445896e-03,5.698674e-04
116.5,1.069227e-03,1.437441e-03,5.665348e-04
117.5,1.098811e-03,1.477213e-03,5.822101e-04
118.5,1.153940e-03,1.551327e-03,6.114205e-04
119.5,1.082611e-03,1.455434e-03,5.736264e-04
120.5,9.966433e-04,1.339861e-03,5.280761e-04
121.5,8.877480e-04,1.193465e-03,4.703774e-04
122.5,8.497713e-04,1.142410e-03,4.502553e-04
123.5,8.575451e-04,1.152861e-03,4.543743e-04
124.5,8.633514e-04,1.160667e-03,4.574508e-04
125.5,9.347312e-04,1.256628e-03,4.952717e-04
126.5,1.019702e-03,1.370861e-03,5.402938e-04
127.5,1.036687e-03,1.393695e-03,5.492935e-04
128.5,9.625579e-04,1.294038e-03,5.100158e-04
129.5,9.227963e-04,1.240583e-03,4.889479e-04
130.5,9.406264e-04,1.264554e-03,4.983953e-04
131.5,8.828801e-04,1.186921e-03,4.677981e-04
132.5,7.922925e-04,1.065137e-03,4.197999e-04
133.5,7.414840e-04,9.968318e-04,3.928788e-04
134.5,6.518015e-04,8.762650e-04,3.453601e-04
135.5,6.100306e-04,8.201093e-04,3.232276e-04
136.5,5.612136e-04,7.544809e-04,2.973616e-04
137.5,5.277070e-04,7.094356e-04,2.796080e-04
138.5,5.129604e-04,6.896105e-04,2.717944e-04
139.5,5.238588e-04,7.042622e-04,2.775691e-04
140.5,5.748817e-04,7.728561e-04,3.046038e-04
141.5,5.738375e-04,7.714522e-04,3.040505e-04
142.5,6.377341e-04,8.573532e-04,3.379064e-04
143.5,6.475843e-04,8.705955e-04,3.431255e-04
144.5,6.564237e-04,8.824790e-04,3.478092e-04
145.5,6.031296e-04,8.108317e-04,3.195710e-04
146.5,5.383617e-04,7.237595e-04,2.852535e-04
147.5,5.560174e-04,7.474954e-04,2.946084e-04
148.5,6.193712e-04,8.326666e-04,3.281768e-04
149.5,6.718912e-04,9.032731e-04,3.560047e-04
150.5,6.625204e-04,8.906751e-04,3.510395e-04
151.5,6.335175e-04,8.516844e-04,3.356722e-04
152.5,5.738387e-04,7.714538e-04,3.040511e-04
153.5,4.848557e-04,6.518274e-04,2.569031e-04
154.5,4.439918e-04,5.968910e-04,2.352511e-04
155.5,4.026298e-04,5.412850e-04,2.133353e-04
156.5,3.948399e-04,5.308125e-04,2.092078e-04
157.5,4.389306e-04,5.900868e-04,2.325694e-04
158.5,4.366742e-04,5.870534e-04,2.313739e-04
159.5,4.026864e-04,5.413611e-04,2.133653e-04
160.5,3.836764e-04,5.158046e-04,2.032928e-04
161.5,4.178332e-04,5.617241e-04,2.213909e-04
162.5,3.913148e-04,5.260734e-04,2.073400e-04
163.5,3.887659e-04,5.226468e-04,2.059894e-04
164.5,3.515893e-04,4.726675e-04,1.862912e-04
165.5,3.483378e-04,4.682963e-04,1.845684e-04
166.5,3.520064e-04,4.732283e-04,1.865123e-04
167.5,3.406313e-04,4.579359e-04,1.804851e-04
168.5,3.225608e-04,4.336423e-04,1.709103e-04
169.5,2.959049e-04,3.978068e-04,1.567866e-04
170.5,3.482109e-04,4.681256e-04,1.845012e-04
171.5,3.780305e-04,5.082144e-04,2.003012e-04
172.5,4.076733e-04,5.480654e-04,2.160076e-04
173.5,4.065157e-04,5.465091e-04,2.153942e-04
174.5,3.778986e-04,5.080370e-04,2.002313e-04
175.5,3.600335e-04,4.840197e-04,1.907654e-04
176.5,3.518357e-04,4.729987e-04,1.864218e-04
177.5,3.393040e-04,4.561514e-04,1.797818e-04
178.5,3.107816e-04,4.178067e-04,1.646691e-04
179.5,2.881030e-04,3.873182e-04,1.526527e-04
180.5,2.834207e-04,3.810234e-04,1.501718e-04
181.5,3.004311e-04,4.038918e-04,1.591848e-04
182.5,3.005334e-04,4.040292e-04,1.592390e-04
183.5,3.175421e-04,4.268954e-04,1.682512e-04
184.5,3.084577e-04,4.146826e-04,1.634378e-04
185.5,2.885893e-04,3.879720e-04,1.529104e-04
186.5,2.676312e-04,3.597965e-04,1.418057e-04
187.5,2.235544e-04,3.005407e-04,1.184513e-04
188.5,2.243166e-04,3.015654e-04,1.188552e-04
189.5,2.133590e-04,2.868343e-04,1.130493e-04
190.5,1.918520e-04,2.579209e-04,1.016537e-04
191.5,1.833898e-04,2.465444e-04,9.716993e-05
192.5,1.500516e-04,2.017255e-04,7.950556e-05
193.5,1.340523e-04,1.802165e-04,7.102825e-05
194.5,1.544912e-04,2.076939e-04,8.185787e-05
195.5,1.532282e-04,2.059961e-04,8.118870e-05
196.5,1.841266e-04,2.475350e-04,9.756035e-05
197.5,2.115660e-04,2.844239e-04,1.120993e-04
198.5,2.513340e-04,3.378869e-04,1.331705e-04
199.5,2.481968e-04,3.336694e-04,1.315082e-04
200.5,2.260770e-04,3.039321e-04,1.197880e-04
201.5,1.767701e-04,2.376451e-04,9.366244e-05
202.5,1.381103e-04,1.856719e-04,7.317841e-05
203.5,1.310334e-04,1.761578e-04,6.942864e-05
204.5,1.166879e-04,1.568722e-04,6.182765e-05
205.5,1.101913e-04,1.481384e-04,5.838540e-05
206.5,1.051420e-04,1.413501e-04,5.570996e-05
207.5,1.063100e-04,1.429204e-04,5.632883e-05
208.5,9.614700e-05,1.292575e-04,5.094394e-05
209.5,1.005460e-04,1.351715e-04,5.327479e-05
210.5,1.057474e-04,1.421641e-04,5.603078e-05
211.5,1.139033e-04,1.531287e-04,6.035222e-05
212.5,1.186230e-04,1.594737e-04,6.285297e-05
213.5,1.181149e-04,1.587905e-04,6.258371e-05
214.5,1.214307e-04,1.632483e-04,6.434062e-05
215.5,1.238906e-04,1.665553e-04,6.564402e-05
216.5,1.160043e-04,1.559531e-04,6.146540e-05
217.5,1.121804e-04,1.508124e-04,5.943932e-05
218.5,1.062588e-04,1.428516e-04,5.630175e-05
219.5,1.008036e-04,1.355177e-04,5.341126e-05
220.5,1.150923e-04,1.547272e-04,6.098222e-05
221.5,1.224517e-04,1.646209e-04,6.488161e-05
222.5,1.225133e-04,1.647037e-04,6.491425e-05
223.5,9.998766e-05,1.344208e-04,5.297893e-05
224.5,8.925507e-05,1.199922e-04,4.729221e-05
225.5,7.135335e-05,9.592559e-05,3.780691e-05
226.5,5.668739e-05,7.620905e-05,3.003608e-05
227.5,4.982547e-05,6.698407e-05,2.640026e-05
228.5,4.897287e-05,6.583785e-05,2.594850e-05
229.5,4.337412e-05,5.831104e-05,2.298198e-05
230.5,3.590064e-05,4.826389e-05,1.902212e-05
231.5,3.354479e-05,4.509674e-05,1.777386e-05
232.5,3.233707e-05,4.347311e-05,1.713395e-05
233.5,3.144563e-05,4.227469e-05,1.666162e-05
234.5,3.569077e-05,4.798174e-05,1.891092e-05
235.5,3.864974e-05,5.195971e-05,2.047875e-05
236.5,4.259636e-05,5.726543e-05,2.256988e-05
237.5,4.804731e-05,6.459355e-05,2.545809e-05
238.5,5.697555e-05,7.659644e-05,3.018876e-05
239.5,5.539968e-05,7.447788e-05,2.935378e-05
240.5,5.193973e-05,6.982643e-05,2.752051e-05
241.5,4.190756e-05,5.633943e-05,2.220492e-05
242.5,3.673262e-05,4.938238e-05,1.946295e-05
243.5,3.357044e-05,4.513122e-05,1.778745e-05
244.5,3.203801e-05,4.307107e-05,1.697549e-05
245.5,3.162999e-05,4.252253e-05,1.675930e-05
246.5,3.140575e-05,4.222107e-05,1.664048e-05
247.5,2.302647e-05,3.095618e-05,1.220068e-05
248.5,1.465060e-05,1.969588e-05,7.762686e-06
249.5,6.678167e-06,8.977954e-06,3.538458e-06
