energy_MeV,raw_flux,norm_flux
0.5,1.725695e+01,9.347139e-01
1.5,7.293113e-01,3.950278e-02
2.5,9.013747e-02,4.882250e-03
3.5,3.366862e-02,1.823644e-03
4.5,1.831507e-02,9.920265e-04
5.5,1.257788e-02,6.812742e-04
6.5,9.730265e-03,5.270349e-04
7.5,8.021202e-03,4.344643e-04
8.5,6.591045e-03,3.570006e-04
9.5,5.954417e-03,3.225180e-04
10.5,5.360025e-03,2.903230e-04
11.5,5.038418e-03,2.729033e-04
12.5,4.862215e-03,2.633594e-04
13.5,4.759335e-03,2.577870e-04
14.5,4.625240e-03,2.505238e-04
15.5,4.436390e-03,2.402948e-04
16.5,4.167474e-03,2.257291e-04
17.5,3.936340e-03,2.132099e-04
18.5,3.789964e-03,2.052815e-04
19.5,3.607037e-03,1.953733e-04
20.5,3.900725e-03,2.112808e-04
21.5,3.780920e-03,2.047916e-04
22.5,3.733890e-03,2.022442e-04
23.5,3.582543e-03,1.940466e-04
24.5,3.500778e-03,1.896178e-04
25.5,3.375657e-03,1.828407e-04
26.5,3.339559e-03,1.808855e-04
27.5,3.189972e-03,1.727832e-04
28.5,3.160166e-03,1.711688e-04
29.5,3.174926e-03,1.719683e-04
30.5,3.167899e-03,1.715877e-04
31.5,3.168017e-03,1.715940e-04
32.5,2.937142e-03,1.590888e-04
33.5,2.845000e-03,1.540980e-04
34.5,2.811865e-03,1.523032e-04
35.5,2.835688e-03,1.535936e-04
36.5,2.815467e-03,1.524984e-04
37.5,2.759668e-03,1.494760e-04
38.5,2.763203e-03,1.496675e-04
39.5,2.701946e-03,1.463495e-04
40.5,2.542293e-03,1.377020e-04
41.5,2.526027e-03,1.368210e-04
42.5,2.516852e-03,1.363240e-04
43.5,2.489698e-03,1.348532e-04
44.5,2.463512e-03,1.334349e-04
45.5,2.403531e-03,1.301860e-04
46.5,2.416656e-03,1.308969e-04
47.5,2.414561e-03,1.307834e-04
48.5,2.343043e-03,1.269098e-04
49.5,2.177696e-03,1.179538e-04
50.5,2.220256e-03,1.202590e-04
51.5,2.190742e-03,1.186604e-04
52.5,2.248418e-03,1.217844e-04
53.5,2.352819e-03,1.274392e-04
54.5,2.534100e-03,1.372582e-04
55.5,2.549438e-03,1.380890e-04
56.5,2.554605e-03,1.383689e-04
57.5,2.368105e-03,1.282672e-04
58.5,2.295321e-03,1.243249e-04
59.5,2.097826e-03,1.136277e-04
60.5,2.011010e-03,1.089253e-04
61.5,1.938168e-03,1.049799e-04
62.5,2.005590e-03,1.086318e-04
63.5,2.015046e-03,1.091439e-04
64.5,2.141400e-03,1.159879e-04
65.5,2.022529e-03,1.095492e-04
66.5,2.067147e-03,1.119660e-04
67.5,2.120987e-03,1.148822e-04
68.5,2.077888e-03,1.125477e-04
69.5,1.993879e-03,1.079974e-04
70.5,1.910243e-03,1.034674e-04
71.5,2.031511e-03,1.100358e-04
72.5,1.946977e-03,1.054570e-04
73.5,1.773657e-03,9.606925e-05
74.5,1.714025e-03,9.283931e-05
75.5,1.656303e-03,8.971283e-05
76.5,1.684862e-03,9.125967e-05
77.5,1.681343e-03,9.106909e-05
78.5,1.696236e-03,9.187577e-05
79.5,1.723487e-03,9.335181e-05
80.5,1.750830e-03,9.483282e-05
81.5,1.813196e-03,9.821081e-05
82.5,1.746637e-03,9.460569e-05
83.5,1.776678e-03,9.623288e-05
84.5,1.756036e-03,9.511479e-05
85.5,1.609566e-03,8.718131e-05
86.5,1.565089e-03,8.477222e-05
87.5,1.575236e-03,8.532184e-05
88.5,1.530524e-03,8.290003e-05
89.5,1.409128e-03,7.632470e-05
90.5,1.348225e-03,7.302593e-05
91.5,1.363547e-03,7.385582e-05
92.5,1.345197e-03,7.286191e-05
93.5,1.415818e-03,7.668707e-05
94.5,1.540122e-03,8.341993e-05
95.5,1.681273e-03,9.106529e-05
96.5,1.614146e-03,8.742939e-05
97.5,1.528740e-03,8.280342e-05
98.5,1.345147e-03,7.285920e-05
99.5,1.328325e-03,7.194802e-05
100.5,1.332930e-03,7.219745e-05
101.5,1.313474e-03,7.114364e-05
102.5,1.275631e-03,6.909391e-05
103.5,1.180853e-03,6.396030e-05
104.5,1.198908e-03,6.493822e-05
105.5,1.240943e-03,6.721503e-05
106.5,1.203809e-03,6.520371e-05
107.5,1.155236e-03,6.257275e-05
108.5,1.206660e-03,6.535810e-05
109.5,1.184073e-03,6.413470e-05
110.5,1.097008e-03,5.941885e-05
111.5,1.011870e-03,5.480744e-05
112.5,9.964901e-04,5.397438e-05
113.5,9.984614e-04,5.408115e-05
114.5,9.771914e-04,5.292907e-05
115.5,9.883398e-04,5.353292e-05
116.5,1.012746e-03,5.485489e-05
117.5,1.053657e-03,5.707079e-05
118.5,1.077805e-03,5.837876e-05
119.5,1.017872e-03,5.513251e-05
120.5,9.709433e-04,5.259065e-05
121.5,8.722754e-04,4.724635e-05
122.5,8.500214e-04,4.604098e-05
123.5,8.352797e-04,4.524250e-05
124.5,8.326975e-04,4.510264e-05
125.5,8.698347e-04,4.711415e-05
126.5,9.112459e-04,4.935717e-05
127.5,8.719498e-04,4.722872e-05
128.5,7.876816e-04,4.266437e-05
129.5,7.591307e-04,4.111793e-05
130.5,7.807005e-04,4.228625e-05
131.5,7.646350e-04,4.141606e-05
132.5,7.528920e-04,4.078001e-05
133.5,7.600498e-04,4.116771e-05
134.5,7.073727e-04,3.831448e-05
135.5,6.706810e-04,3.632709e-05
136.5,6.355685e-04,3.442524e-05
137.5,6.143013e-04,3.327332e-05
138.5,5.962725e-04,3.229680e-05
139.5,6.012875e-04,3.256843e-05
140.5,6.287665e-04,3.405682e-05
141.5,6.053733e-04,3.278974e-05
142.5,6.492559e-04,3.516662e-05
143.5,6.484010e-04,3.512031e-05
144.5,6.723133e-04,3.641551e-05
145.5,6.238511e-04,3.379058e-05
146.5,5.464298e-04,2.959709e-05
147.5,5.331219e-04,2.887627e-05
148.5,5.562739e-04,3.013029e-05
149.5,5.733059e-04,3.105282e-05
150.5,5.692240e-04,3.083173e-05
151.5,5.604783e-04,3.035802e-05
152.5,5.374959e-04,2.911319e-05
153.5,4.911611e-04,2.660349e-05
154.5,5.035896e-04,2.727668e-05
155.5,4.843162e-04,2.623274e-05
156.5,4.607915e-04,2.495854e-05
157.5,4.544267e-04,2.461379e-05
158.5,4.046845e-04,2.191953e-05
159.5,3.538299e-04,1.916502e-05
160.5,3.340388e-04,1.809304e-05
161.5,3.767890e-04,2.040859e-05
162.5,3.877428e-04,2.100189e-05
163.5,4.153422e-04,2.249680e-05
164.5,3.930078e-04,2.128707e-05
165.5,3.831140e-04,2.075118e-05
166.5,3.783702e-04,2.049423e-05
167.5,3.598525e-04,1.949123e-05
168.5,3.323508e-04,1.800161e-05
169.5,2.985207e-04,1.616922e-05
170.5,3.419556e-04,1.852185e-05
171.5,3.520188e-04,1.906692e-05
172.5,3.673875e-04,1.989936e-05
173.5,3.494671e-04,1.892871e-05
174.5,3.160604e-04,1.711925e-05
175.5,2.986453e-04,1.617597e-05
176.5,3.028980e-04,1.640631e-05
177.5,3.255423e-04,1.763283e-05
178.5,3.207533e-04,1.737344e-05
179.5,3.095679e-04,1.676759e-05
180.5,2.896661e-04,1.568962e-05
181.5,2.971342e-04,1.609413e-05
182.5,2.852914e-04,1.545266e-05
183.5,3.010162e-04,1.630439e-05
184.5,3.036392e-04,1.644646e-05
185.5,3.043615e-04,1.648558e-05
186.5,3.034492e-04,1.643617e-05
187.5,2.620709e-04,1.419493e-05
188.5,2.691477e-04,1.457825e-05
189.5,2.592069e-04,1.403981e-05
190.5,2.344742e-04,1.270018e-05
191.5,2.308621e-04,1.250453e-05
192.5,2.002325e-04,1.084549e-05
193.5,1.889671e-04,1.023530e-05
194.5,2.192860e-04,1.187751e-05
195.5,2.095386e-04,1.134955e-05
196.5,2.218194e-04,1.201474e-05
197.5,2.144534e-04,1.161576e-05
198.5,2.145872e-04,1.162301e-05
199.5,2.037766e-04,1.103746e-05
200.5,1.922468e-04,1.041295e-05
201.5,1.674141e-04,9.067897e-06
202.5,1.499294e-04,8.120852e-06
203.5,1.563903e-04,8.470803e-06
204.5,1.542512e-04,8.354937e-06
205.5,1.508763e-04,8.172140e-06
206.5,1.380943e-04,7.479806e-06
207.5,1.353916e-04,7.333415e-06
208.5,1.206201e-04,6.533328e-06
209.5,1.267069e-04,6.863014e-06
210.5,1.359615e-04,7.364286e-06
211.5,1.500698e-04,8.128452e-06
212.5,1.511901e-04,8.189134e-06
213.5,1.445001e-04,7.826773e-06
214.5,1.418460e-04,7.683017e-06
215.5,1.361291e-04,7.373364e-06
216.5,1.275387e-04,6.908071e-06
217.5,1.235711e-04,6.693165e-06
218.5,1.204420e-04,6.523680e-06
219.5,1.147025e-04,6.212804e-06
220.5,1.290321e-04,6.988955e-06
221.5,1.343178e-04,7.275255e-06
222.5,1.348776e-04,7.305577e-06
223.5,1.124740e-04,6.092094e-06
224.5,1.035679e-04,5.609703e-06
225.5,9.141881e-05,4.951653e-06
226.5,7.933057e-05,4.296900e-06
227.5,7.614564e-05,4.124390e-06
228.5,7.928826e-05,4.294608e-06
229.5,7.660601e-05,4.149325e-06
230.5,6.957020e-05,3.768235e-06
231.5,6.965459e-05,3.772805e-06
232.5,6.906212e-05,3.740715e-06
233.5,6.428718e-05,3.482083e-06
234.5,6.606100e-05,3.578160e-06
235.5,6.348921e-05,3.438860e-06
236.5,6.103722e-05,3.306050e-06
237.5,6.384095e-05,3.457912e-06
238.5,7.246817e-05,3.925201e-06
239.5,7.450829e-05,4.035704e-06
240.5,7.622477e-05,4.128676e-06
241.5,6.726913e-05,3.643598e-06
242.5,6.399773e-05,3.466404e-06
243.5,6.006039e-05,3.253140e-06
244.5,6.200081e-05,3.358242e-06
245.5,6.656996e-05,3.605728e-06
246.5,7.705902e-05,4.173863e-06
247.5,7.159490e-05,3.877901e-06
248.5,5.392574e-05,2.920860e-06
249.5,2.508708e-05,1.358829e-06
