material,thickness_cm,nominal_density_g_cm3,density_g_cm3,density_offset_pct,dose_pSv_per_src
Concrete,10,2.3,2.07,-10.0,1.9284618279057344
Concrete,10,2.3,2.0792,-9.6,1.9315636714150162
Concrete,10,2.3,2.0884,-9.2,1.9356258149284078
Concrete,10,2.3,2.0976,-8.8,1.941422605108424
Concrete,10,2.3,2.1068,-8.4,1.9452134642934826
Concrete,10,2.3,2.116,-8.0,1.9486664600414303
Concrete,10,2.3,2.1252,-7.6,1.9531132462907983
Concrete,10,2.3,2.1344,-7.2,1.9575838754043398
Concrete,10,2.3,2.1436,-6.8,1.9620750549349344
Concrete,10,2.3,2.1528,-6.4,1.966283715862937
Concrete,10,2.3,2.162,-6.0,1.9704482033316582
Concrete,10,2.3,2.1712,-5.6,1.974113316447569
Concrete,10,2.3,2.1804,-5.2,1.9779508283552696
Concrete,10,2.3,2.1896,-4.8,1.9818309735839719
Concrete,10,2.3,2.1988,-4.4,1.9857521757241279
Concrete,10,2.3,2.208,-4.0,1.9897117496177283
Concrete,10,2.3,2.2172,-3.6,1.993703526539855
Concrete,10,2.3,2.2264,-3.2,1.9978964223556412
Concrete,10,2.3,2.2356,-2.8,2.0017679756105915
Concrete,10,2.3,2.2448,-2.4,2.005216271774563
Concrete,10,2.3,2.254,-2.0,2.008690534492237
Concrete,10,2.3,2.2632,-1.6,2.0121886741614023
Concrete,10,2.3,2.2724,-1.2,2.015695338559882
Concrete,10,2.3,2.2816,-0.8,2.01845567827824
Concrete,10,2.3,2.2908,-0.4,2.0196265953436803
Concrete,10,2.3,2.3092,0.4,2.0219742706896233
Concrete,10,2.3,2.3184,0.8,2.023152934348899
Concrete,10,2.3,2.3276,1.2,2.024339029034629
Concrete,10,2.3,2.3368,1.6,2.0255945182291146
Concrete,10,2.3,2.346,2.0,2.0285175039822168
Concrete,10,2.3,2.3552,2.4,2.032399354074953
Concrete,10,2.3,2.3644,2.8,2.0362886606216213
Concrete,10,2.3,2.3736,3.2,2.040161490083003
Concrete,10,2.3,2.3828,3.6,2.0440522330366213
Concrete,10,2.3,2.392,4.0,2.0479540531587364
Concrete,10,2.3,2.4012,4.4,2.051866115592484
Concrete,10,2.3,2.4104,4.8,2.0557895062597686
Concrete,10,2.3,2.4196,5.2,2.0596830080298623
Concrete,10,2.3,2.4288,5.6,2.0635912409964425
Concrete,10,2.3,2.438,6.0,2.0675510749562753
Concrete,10,2.3,2.4472,6.4,2.071519262688446
Concrete,10,2.3,2.4564,6.8,2.075500340233935
Concrete,10,2.3,2.4656,7.2,2.0794977491573303
Concrete,10,2.3,2.4748,7.6,2.0835022998717574
Concrete,10,2.3,2.484,8.0,2.087528009502757
Concrete,10,2.3,2.4932,8.4,2.0913357778061523
Concrete,10,2.3,2.5024,8.8,2.0951481072604965
Concrete,10,2.3,2.5116,9.2,2.0989716533730083
Concrete,10,2.3,2.5208,9.6,2.1028041585914123
Concrete,10,2.3,2.53,10.0,2.1066505170050633
Concrete,20,2.3,2.07,-10.0,0.9579148334846744
Concrete,20,2.3,2.0792,-9.6,0.9590949414681367
Concrete,20,2.3,2.0884,-9.2,0.9602918858607298
Concrete,20,2.3,2.0976,-8.8,0.9614968431227385
Concrete,20,2.3,2.1068,-8.4,0.9627092418971542
Concrete,20,2.3,2.116,-8.0,0.9639334757842419
Concrete,20,2.3,2.1252,-7.6,0.9651684764298339
Concrete,20,2.3,2.1344,-7.2,0.966410841783598
Concrete,20,2.3,2.1436,-6.8,0.9673827940645733
Concrete,20,2.3,2.1528,-6.4,0.9681861471537715
Concrete,20,2.3,2.162,-6.0,0.9689959221648042
Concrete,20,2.3,2.1712,-5.6,0.9698094591738226
Concrete,20,2.3,2.1804,-5.2,0.9706303113266854
Concrete,20,2.3,2.1896,-4.8,0.9714549312674023
Concrete,20,2.3,2.1988,-4.4,0.9698502178681501
Concrete,20,2.3,2.208,-4.0,0.9666595439419929
Concrete,20,2.3,2.2172,-3.6,0.9635043294678799
Concrete,20,2.3,2.2264,-3.2,0.960382962322172
Concrete,20,2.3,2.2356,-2.8,0.9636285999446049
Concrete,20,2.3,2.2448,-2.4,0.9672091436645851
Concrete,20,2.3,2.254,-2.0,0.9708143764556812
Concrete,20,2.3,2.2632,-1.6,0.9744433846137892
Concrete,20,2.3,2.2724,-1.2,0.9780948518593643
Concrete,20,2.3,2.2816,-0.8,0.9798598275162822
Concrete,20,2.3,2.2908,-0.4,0.9807064001158985
Concrete,20,2.3,2.3092,0.4,0.982404417606903
Concrete,20,2.3,2.3184,0.8,0.9832532050580435
Concrete,20,2.3,2.3276,1.2,0.9841082373344797
Concrete,20,2.3,2.3368,1.6,0.9849604320589055
Concrete,20,2.3,2.346,2.0,0.9858165646803614
Concrete,20,2.3,2.3552,2.4,0.9866742789968205
Concrete,20,2.3,2.3644,2.8,0.9875333633594753
Concrete,20,2.3,2.3736,3.2,0.988393057352467
Concrete,20,2.3,2.3828,3.6,0.9892561371067761
Concrete,20,2.3,2.392,4.0,0.9901273794597574
Concrete,20,2.3,2.4012,4.4,0.9909984696514866
Concrete,20,2.3,2.4104,4.8,0.9918729227686481
Concrete,20,2.3,2.4196,5.2,0.9927529240750287
Concrete,20,2.3,2.4288,5.6,0.9936527248148993
Concrete,20,2.3,2.438,6.0,0.9945544686184381
Concrete,20,2.3,2.4472,6.4,0.9954581338857512
Concrete,20,2.3,2.4564,6.8,0.9963630220935423
Concrete,20,2.3,2.4656,7.2,0.9972204556333032
Concrete,20,2.3,2.4748,7.6,0.9960152129349097
Concrete,20,2.3,2.484,8.0,0.9948679469506974
Concrete,20,2.3,2.4932,8.4,0.98984288081346
Concrete,20,2.3,2.5024,8.8,0.971374183942618
Concrete,20,2.3,2.5116,9.2,0.9571495462298691
Concrete,20,2.3,2.5208,9.6,0.9405583106449117
Concrete,20,2.3,2.53,10.0,0.9432790503985824
Concrete,30,2.3,2.07,-10.0,0.49078083618533996
Concrete,30,2.3,2.0792,-9.6,0.4913181408154602
Concrete,30,2.3,2.0884,-9.2,0.49185839554760796
Concrete,30,2.3,2.0976,-8.8,0.4920471501460928
Concrete,30,2.3,2.1068,-8.4,0.49222947989535093
Concrete,30,2.3,2.116,-8.0,0.4924123091205814
Concrete,30,2.3,2.1252,-7.6,0.4925957339529073
Concrete,30,2.3,2.1344,-7.2,0.49278109663150443
Concrete,30,2.3,2.1436,-6.8,0.4929667582383873
Concrete,30,2.3,2.1528,-6.4,0.49315539529074004
Concrete,30,2.3,2.162,-6.0,0.4933648420185573
Concrete,30,2.3,2.1712,-5.6,0.49358705123732266
Concrete,30,2.3,2.1804,-5.2,0.49406590489466184
Concrete,30,2.3,2.1896,-4.8,0.4947299481696788
Concrete,30,2.3,2.1988,-4.4,0.4954292384813659
Concrete,30,2.3,2.208,-4.0,0.4961331717002175
Concrete,30,2.3,2.2172,-3.6,0.4968464602511368
Concrete,30,2.3,2.2264,-3.2,0.4975655168371905
Concrete,30,2.3,2.2356,-2.8,0.49828759227705066
Concrete,30,2.3,2.2448,-2.4,0.49901294771023424
Concrete,30,2.3,2.254,-2.0,0.4997401260694319
Concrete,30,2.3,2.2632,-1.6,0.500461352694261
Concrete,30,2.3,2.2724,-1.2,0.5011840829975394
Concrete,30,2.3,2.2816,-0.8,0.501907910521834
Concrete,30,2.3,2.2908,-0.4,0.5026323704039024
Concrete,30,2.3,2.3092,0.4,0.5040811921466797
Concrete,30,2.3,2.3184,0.8,0.5048080735255235
Concrete,30,2.3,2.3276,1.2,0.5055365075966316
Concrete,30,2.3,2.3368,1.6,0.5062688285190021
Concrete,30,2.3,2.346,2.0,0.5070026500377308
Concrete,30,2.3,2.3552,2.4,0.5077381987275857
Concrete,30,2.3,2.3644,2.8,0.5084746751847907
Concrete,30,2.3,2.3736,3.2,0.5092109596942795
Concrete,30,2.3,2.3828,3.6,0.5099488651955338
Concrete,30,2.3,2.392,4.0,0.5106893048037153
Concrete,30,2.3,2.4012,4.4,0.511431172874529
Concrete,30,2.3,2.4104,4.8,0.5121772920371712
Concrete,30,2.3,2.4196,5.2,0.5129265576211692
Concrete,30,2.3,2.4288,5.6,0.5136866401073271
Concrete,30,2.3,2.438,6.0,0.5138650425476188
Concrete,30,2.3,2.4472,6.4,0.5135174663327101
Concrete,30,2.3,2.4564,6.8,0.5131696170504532
Concrete,30,2.3,2.4656,7.2,0.5128236363819232
Concrete,30,2.3,2.4748,7.6,0.512477934570737
Concrete,30,2.3,2.484,8.0,0.5121333279551753
Concrete,30,2.3,2.4932,8.4,0.5117350550826074
Concrete,30,2.3,2.5024,8.8,0.5002707946972629
Concrete,30,2.3,2.5116,9.2,0.4891872382931834
Concrete,30,2.3,2.5208,9.6,0.4817391456352728
Concrete,30,2.3,2.53,10.0,0.5059242617454822
Concrete,40,2.3,2.07,-10.0,0.2799609748100659
Concrete,40,2.3,2.0792,-9.6,0.2802085172111243
Concrete,40,2.3,2.0884,-9.2,0.28043500896228674
Concrete,40,2.3,2.0976,-8.8,0.2806650508640269
Concrete,40,2.3,2.1068,-8.4,0.2808967625758004
Concrete,40,2.3,2.116,-8.0,0.28112915777761943
Concrete,40,2.3,2.1252,-7.6,0.2813936011630971
Concrete,40,2.3,2.1344,-7.2,0.2817850036361864
Concrete,40,2.3,2.1436,-6.8,0.28217613684698606
Concrete,40,2.3,2.1528,-6.4,0.2825677031532535
Concrete,40,2.3,2.162,-6.0,0.28296075885536476
Concrete,40,2.3,2.1712,-5.6,0.283354676806056
Concrete,40,2.3,2.1804,-5.2,0.28374979222841934
Concrete,40,2.3,2.1896,-4.8,0.28414618844128015
Concrete,40,2.3,2.1988,-4.4,0.28454251254129287
Concrete,40,2.3,2.208,-4.0,0.2849399799385221
Concrete,40,2.3,2.2172,-3.6,0.28533871228842067
Concrete,40,2.3,2.2264,-3.2,0.2857386123724653
Concrete,40,2.3,2.2356,-2.8,0.2861396819292986
Concrete,40,2.3,2.2448,-2.4,0.28654114310803286
Concrete,40,2.3,2.254,-2.0,0.2869442184835738
Concrete,40,2.3,2.2632,-1.6,0.2873485652874886
Concrete,40,2.3,2.2724,-1.2,0.28775375638749207
Concrete,40,2.3,2.2816,-0.8,0.28816031400634906
Concrete,40,2.3,2.2908,-0.4,0.2885676561464223
Concrete,40,2.3,2.3092,0.4,0.28938636225730524
Concrete,40,2.3,2.3184,0.8,0.2897971776948916
Concrete,40,2.3,2.3276,1.2,0.29020955055825637
Concrete,40,2.3,2.3368,1.6,0.29062258351213327
Concrete,40,2.3,2.346,2.0,0.291037002115357
Concrete,40,2.3,2.3552,2.4,0.29145221347527916
Concrete,40,2.3,2.3644,2.8,0.2918689020307592
Concrete,40,2.3,2.3736,3.2,0.2922859764516534
Concrete,40,2.3,2.3828,3.6,0.2926346881739279
Concrete,40,2.3,2.392,4.0,0.29295077847721285
Concrete,40,2.3,2.4012,4.4,0.2932678943437581
Concrete,40,2.3,2.4104,4.8,0.2934700639816249
Concrete,40,2.3,2.4196,5.2,0.2933277223062023
Concrete,40,2.3,2.4288,5.6,0.29318575620294346
Concrete,40,2.3,2.438,6.0,0.2930418324315706
Concrete,40,2.3,2.4472,6.4,0.29289804731389885
Concrete,40,2.3,2.4564,6.8,0.29275463223513365
Concrete,40,2.3,2.4656,7.2,0.2926122133420418
Concrete,40,2.3,2.4748,7.6,0.29246505613643087
Concrete,40,2.3,2.484,8.0,0.29231749067379187
Concrete,40,2.3,2.4932,8.4,0.2921696111885607
Concrete,40,2.3,2.5024,8.8,0.29178191284719196
Concrete,40,2.3,2.5116,9.2,0.28834858707160194
Concrete,40,2.3,2.5208,9.6,0.28503453823296027
Concrete,40,2.3,2.53,10.0,0.28153880843479406
Concrete,50,2.3,2.07,-10.0,0.1762796341746141
Concrete,50,2.3,2.0792,-9.6,0.17641705194207286
Concrete,50,2.3,2.0884,-9.2,0.17657512020525568
Concrete,50,2.3,2.0976,-8.8,0.17673282780434854
Concrete,50,2.3,2.1068,-8.4,0.17688824473389492
Concrete,50,2.3,2.116,-8.0,0.17704399399036289
Concrete,50,2.3,2.1252,-7.6,0.17720013219285075
Concrete,50,2.3,2.1344,-7.2,0.1773588180218628
Concrete,50,2.3,2.1436,-6.8,0.17751910089158168
Concrete,50,2.3,2.1528,-6.4,0.17767968761325137
Concrete,50,2.3,2.162,-6.0,0.1778408568779499
Concrete,50,2.3,2.1712,-5.6,0.1780020547959834
Concrete,50,2.3,2.1804,-5.2,0.17816488821262022
Concrete,50,2.3,2.1896,-4.8,0.17832838909347867
Concrete,50,2.3,2.1988,-4.4,0.17849066938774893
Concrete,50,2.3,2.208,-4.0,0.17865187740379615
Concrete,50,2.3,2.2172,-3.6,0.17881358956269983
Concrete,50,2.3,2.2264,-3.2,0.17897556056638486
Concrete,50,2.3,2.2356,-2.8,0.1791378522356337
Concrete,50,2.3,2.2448,-2.4,0.17930037347960823
Concrete,50,2.3,2.254,-2.0,0.1794634590540403
Concrete,50,2.3,2.2632,-1.6,0.17962683400889157
Concrete,50,2.3,2.2724,-1.2,0.17979038236418687
Concrete,50,2.3,2.2816,-0.8,0.1799544283111982
Concrete,50,2.3,2.2908,-0.4,0.1801186103401421
Concrete,50,2.3,2.3092,0.4,0.18044856252574304
Concrete,50,2.3,2.3184,0.8,0.18061401058246754
Concrete,50,2.3,2.3276,1.2,0.1807799260615938
Concrete,50,2.3,2.3368,1.6,0.1809461463920896
Concrete,50,2.3,2.346,2.0,0.18095814390207826
Concrete,50,2.3,2.3552,2.4,0.18093102838843614
Concrete,50,2.3,2.3644,2.8,0.180903868079034
Concrete,50,2.3,2.3736,3.2,0.18087736113567576
Concrete,50,2.3,2.3828,3.6,0.18085118726193744
Concrete,50,2.3,2.392,4.0,0.18083007404097523
Concrete,50,2.3,2.4012,4.4,0.18080917215607184
Concrete,50,2.3,2.4104,4.8,0.1807878059024252
Concrete,50,2.3,2.4196,5.2,0.18076681780689244
Concrete,50,2.3,2.4288,5.6,0.18074596035757207
Concrete,50,2.3,2.438,6.0,0.18072513046552505
Concrete,50,2.3,2.4472,6.4,0.1807045067374229
Concrete,50,2.3,2.4564,6.8,0.18067623948336362
Concrete,50,2.3,2.4656,7.2,0.18064283060691164
Concrete,50,2.3,2.4748,7.6,0.18060937694746057
Concrete,50,2.3,2.484,8.0,0.18057610971509583
Concrete,50,2.3,2.4932,8.4,0.1805427964951251
Concrete,50,2.3,2.5024,8.8,0.18050980813124906
Concrete,50,2.3,2.5116,9.2,0.17939976031545798
Concrete,50,2.3,2.5208,9.6,0.177618993340457
Concrete,50,2.3,2.53,10.0,0.17560252707726476
Concrete,60,2.3,2.07,-10.0,0.12211560103052967
Concrete,60,2.3,2.0792,-9.6,0.12221405867561466
Concrete,60,2.3,2.0884,-9.2,0.12231299979482986
Concrete,60,2.3,2.0976,-8.8,0.12241208254218028
Concrete,60,2.3,2.1068,-8.4,0.12251184851539644
Concrete,60,2.3,2.116,-8.0,0.1226120064660366
Concrete,60,2.3,2.1252,-7.6,0.12271237944963673
Concrete,60,2.3,2.1344,-7.2,0.12281292996382909
Concrete,60,2.3,2.1436,-6.8,0.12291390400787813
Concrete,60,2.3,2.1528,-6.4,0.123014992037192
Concrete,60,2.3,2.162,-6.0,0.12311630560485018
Concrete,60,2.3,2.1712,-5.6,0.12321787590717298
Concrete,60,2.3,2.1804,-5.2,0.1233194383029369
Concrete,60,2.3,2.1896,-4.8,0.12342168962976989
Concrete,60,2.3,2.1988,-4.4,0.1235241926149035
Concrete,60,2.3,2.208,-4.0,0.12362738710698554
Concrete,60,2.3,2.2172,-3.6,0.12373079704365304
Concrete,60,2.3,2.2264,-3.2,0.123834377224987
Concrete,60,2.3,2.2356,-2.8,0.12393813481959905
Concrete,60,2.3,2.2448,-2.4,0.12401743567060489
Concrete,60,2.3,2.254,-2.0,0.1239884333179859
Concrete,60,2.3,2.2632,-1.6,0.12395945287355588
Concrete,60,2.3,2.2724,-1.2,0.12392786092662723
Concrete,60,2.3,2.2816,-0.8,0.12389618940687532
Concrete,60,2.3,2.2908,-0.4,0.12386468226883703
Concrete,60,2.3,2.3092,0.4,0.12380321616781126
Concrete,60,2.3,2.3184,0.8,0.12377182186739037
Concrete,60,2.3,2.3276,1.2,0.12374030820867855
Concrete,60,2.3,2.3368,1.6,0.12370873367939203
Concrete,60,2.3,2.346,2.0,0.12367739695597756
Concrete,60,2.3,2.3552,2.4,0.12365341341125467
Concrete,60,2.3,2.3644,2.8,0.12363009498950506
Concrete,60,2.3,2.3736,3.2,0.12360749049845704
Concrete,60,2.3,2.3828,3.6,0.12358547455411481
Concrete,60,2.3,2.392,4.0,0.12356428816322439
Concrete,60,2.3,2.4012,4.4,0.12354845867560323
Concrete,60,2.3,2.4104,4.8,0.1235327067666142
Concrete,60,2.3,2.4196,5.2,0.12351715591401739
Concrete,60,2.3,2.4288,5.6,0.12350170354476309
Concrete,60,2.3,2.438,6.0,0.1234863239385179
Concrete,60,2.3,2.4472,6.4,0.12347091258107439
Concrete,60,2.3,2.4564,6.8,0.12345567224184169
Concrete,60,2.3,2.4656,7.2,0.12344040060224026
Concrete,60,2.3,2.4748,7.6,0.12342528775195241
Concrete,60,2.3,2.484,8.0,0.12340773882412748
Concrete,60,2.3,2.4932,8.4,0.12338479739541536
Concrete,60,2.3,2.5024,8.8,0.12336211680990576
Concrete,60,2.3,2.5116,9.2,0.12333922946836957
Concrete,60,2.3,2.5208,9.6,0.12257381041194021
Concrete,60,2.3,2.53,10.0,0.12135103963058043
Concrete,70,2.3,2.07,-10.0,0.08943618958134603
Concrete,70,2.3,2.0792,-9.6,0.08949969920540919
Concrete,70,2.3,2.0884,-9.2,0.08956246241116123
Concrete,70,2.3,2.0976,-8.8,0.08962379419762757
Concrete,70,2.3,2.1068,-8.4,0.08968523985745377
Concrete,70,2.3,2.116,-8.0,0.08974673441729183
Concrete,70,2.3,2.1252,-7.6,0.08980845297116731
Concrete,70,2.3,2.1344,-7.2,0.08987027641097815
Concrete,70,2.3,2.1436,-6.8,0.08993216212053765
Concrete,70,2.3,2.1528,-6.4,0.08999437591775422
Concrete,70,2.3,2.162,-6.0,0.08999070285837589
Concrete,70,2.3,2.1712,-5.6,0.08997361386326083
Concrete,70,2.3,2.1804,-5.2,0.0899566044680132
Concrete,70,2.3,2.1896,-4.8,0.08993848299542942
Concrete,70,2.3,2.1988,-4.4,0.08991622063006635
Concrete,70,2.3,2.208,-4.0,0.08989404840122996
Concrete,70,2.3,2.2172,-3.6,0.0898719526821318
Concrete,70,2.3,2.2264,-3.2,0.08985017921571598
Concrete,70,2.3,2.2356,-2.8,0.08982842033732669
Concrete,70,2.3,2.2448,-2.4,0.08980684668214904
Concrete,70,2.3,2.254,-2.0,0.08978521116336695
Concrete,70,2.3,2.2632,-1.6,0.089763811111998
Concrete,70,2.3,2.2724,-1.2,0.08974236922759085
Concrete,70,2.3,2.2816,-0.8,0.0897210604335901
Concrete,70,2.3,2.2908,-0.4,0.08969986939099914
Concrete,70,2.3,2.3092,0.4,0.08965752819304165
Concrete,70,2.3,2.3184,0.8,0.08963668195713419
Concrete,70,2.3,2.3276,1.2,0.08961579440520669
Concrete,70,2.3,2.3368,1.6,0.08959487352727766
Concrete,70,2.3,2.346,2.0,0.0895836253766007
Concrete,70,2.3,2.3552,2.4,0.08957458992759043
Concrete,70,2.3,2.3644,2.8,0.08956577920555661
Concrete,70,2.3,2.3736,3.2,0.08955824994060356
Concrete,70,2.3,2.3828,3.6,0.0895507023968467
Concrete,70,2.3,2.392,4.0,0.08954338260187235
Concrete,70,2.3,2.4012,4.4,0.0895360476378069
Concrete,70,2.3,2.4104,4.8,0.08952884251547312
Concrete,70,2.3,2.4196,5.2,0.08952164456457921
Concrete,70,2.3,2.4288,5.6,0.08951452961690523
Concrete,70,2.3,2.438,6.0,0.08950761565849089
Concrete,70,2.3,2.4472,6.4,0.08950074905606525
Concrete,70,2.3,2.4564,6.8,0.08949384604751215
Concrete,70,2.3,2.4656,7.2,0.08948723297171454
Concrete,70,2.3,2.4748,7.6,0.08948051588713958
Concrete,70,2.3,2.484,8.0,0.08947438427920049
Concrete,70,2.3,2.4932,8.4,0.08947131183411286
Concrete,70,2.3,2.5024,8.8,0.08946838202449518
Concrete,70,2.3,2.5116,9.2,0.08946543334129783
Concrete,70,2.3,2.5208,9.6,0.08945732693501827
Concrete,70,2.3,2.53,10.0,0.08890313940841418
Concrete,80,2.3,2.07,-10.0,0.06754118905629561
Concrete,80,2.3,2.0792,-9.6,0.06752869723014902
Concrete,80,2.3,2.0884,-9.2,0.06751619653831
Concrete,80,2.3,2.0976,-8.8,0.06750383396229451
Concrete,80,2.3,2.1068,-8.4,0.06748861878611806
Concrete,80,2.3,2.116,-8.0,0.0674706897274256
Concrete,80,2.3,2.1252,-7.6,0.06745285729172903
Concrete,80,2.3,2.1344,-7.2,0.0674350415417582
Concrete,80,2.3,2.1436,-6.8,0.06741720851688057
Concrete,80,2.3,2.1528,-6.4,0.06739942303588414
Concrete,80,2.3,2.162,-6.0,0.06738167667804522
Concrete,80,2.3,2.1712,-5.6,0.06736394873529304
Concrete,80,2.3,2.1804,-5.2,0.06734659128984079
Concrete,80,2.3,2.1896,-4.8,0.06733017891623744
Concrete,80,2.3,2.1988,-4.4,0.06731387838802015
Concrete,80,2.3,2.208,-4.0,0.06729763518836454
Concrete,80,2.3,2.2172,-3.6,0.0672813459498795
Concrete,80,2.3,2.2264,-3.2,0.0672654559768154
Concrete,80,2.3,2.2356,-2.8,0.06725047709900331
Concrete,80,2.3,2.2448,-2.4,0.06723551350372246
Concrete,80,2.3,2.254,-2.0,0.06722065364647008
Concrete,80,2.3,2.2632,-1.6,0.0672058908632191
Concrete,80,2.3,2.2724,-1.2,0.06719116921782961
Concrete,80,2.3,2.2816,-0.8,0.06717644790330143
Concrete,80,2.3,2.2908,-0.4,0.0671622003591234
Concrete,80,2.3,2.3092,0.4,0.06713394995623273
Concrete,80,2.3,2.3184,0.8,0.06711995642855116
Concrete,80,2.3,2.3276,1.2,0.06710600214900933
Concrete,80,2.3,2.3368,1.6,0.06709205640494242
Concrete,80,2.3,2.346,2.0,0.06707831558823604
Concrete,80,2.3,2.3552,2.4,0.06706447183994244
Concrete,80,2.3,2.3644,2.8,0.06705090506729379
Concrete,80,2.3,2.3736,3.2,0.06703964535721996
Concrete,80,2.3,2.3828,3.6,0.06702869264007219
Concrete,80,2.3,2.392,4.0,0.06701794390412574
Concrete,80,2.3,2.4012,4.4,0.06700726999130896
Concrete,80,2.3,2.4104,4.8,0.06699656571881205
Concrete,80,2.3,2.4196,5.2,0.0669859703665902
Concrete,80,2.3,2.4288,5.6,0.06697527745395504
Concrete,80,2.3,2.438,6.0,0.0669647288140204
Concrete,80,2.3,2.4472,6.4,0.06695425622529699
Concrete,80,2.3,2.4564,6.8,0.06694386677382891
Concrete,80,2.3,2.4656,7.2,0.06693356746530076
Concrete,80,2.3,2.4748,7.6,0.06692318115923845
Concrete,80,2.3,2.484,8.0,0.06691300941687314
Concrete,80,2.3,2.4932,8.4,0.0669027650583758
Concrete,80,2.3,2.5024,8.8,0.06689228150247482
Concrete,80,2.3,2.5116,9.2,0.06688179537025882
Concrete,80,2.3,2.5208,9.6,0.06687131066421567
Concrete,80,2.3,2.53,10.0,0.06686079547342177
Concrete,90,2.3,2.07,-10.0,0.05196827463225494
Concrete,90,2.3,2.0792,-9.6,0.05194940028097798
Concrete,90,2.3,2.0884,-9.2,0.051930601277007264
Concrete,90,2.3,2.0976,-8.8,0.05191182845140284
Concrete,90,2.3,2.1068,-8.4,0.05189315213796493
Concrete,90,2.3,2.116,-8.0,0.0518744295077771
Concrete,90,2.3,2.1252,-7.6,0.05185577786125221
Concrete,90,2.3,2.1344,-7.2,0.05183705650059493
Concrete,90,2.3,2.1436,-6.8,0.05181841694625641
Concrete,90,2.3,2.1528,-6.4,0.05179978198834217
Concrete,90,2.3,2.162,-6.0,0.051782897560606236
Concrete,90,2.3,2.1712,-5.6,0.051769808673407934
Concrete,90,2.3,2.1804,-5.2,0.05175679945627472
Concrete,90,2.3,2.1896,-4.8,0.05174377789319497
Concrete,90,2.3,2.1988,-4.4,0.05173073879811277
Concrete,90,2.3,2.208,-4.0,0.05171771717173191
Concrete,90,2.3,2.2172,-3.6,0.051704783184004004
Concrete,90,2.3,2.2264,-3.2,0.051691864549294406
Concrete,90,2.3,2.2356,-2.8,0.05167892101421286
Concrete,90,2.3,2.2448,-2.4,0.051665997205442626
Concrete,90,2.3,2.254,-2.0,0.0516531561807987
Concrete,90,2.3,2.2632,-1.6,0.051640313253659975
Concrete,90,2.3,2.2724,-1.2,0.051627522347763195
Concrete,90,2.3,2.2816,-0.8,0.05161471241614602
Concrete,90,2.3,2.2908,-0.4,0.051601949414727274
Concrete,90,2.3,2.3092,0.4,0.051576923983071565
Concrete,90,2.3,2.3184,0.8,0.05156478309054179
Concrete,90,2.3,2.3276,1.2,0.05155306564126063
Concrete,90,2.3,2.3368,1.6,0.05154191042370308
Concrete,90,2.3,2.346,2.0,0.05153147299866448
Concrete,90,2.3,2.3552,2.4,0.05152096669378145
Concrete,90,2.3,2.3644,2.8,0.05151061379721465
Concrete,90,2.3,2.3736,3.2,0.051502498747121116
Concrete,90,2.3,2.3828,3.6,0.05149430748192767
Concrete,90,2.3,2.392,4.0,0.0514861562340809
Concrete,90,2.3,2.4012,4.4,0.05147811403978703
Concrete,90,2.3,2.4104,4.8,0.051470211100982974
Concrete,90,2.3,2.4196,5.2,0.051462302313607294
Concrete,90,2.3,2.4288,5.6,0.05145438288054058
Concrete,90,2.3,2.438,6.0,0.05144651816084769
Concrete,90,2.3,2.4472,6.4,0.051438702984776895
Concrete,90,2.3,2.4564,6.8,0.05143095757495812
Concrete,90,2.3,2.4656,7.2,0.05142333946553718
Concrete,90,2.3,2.4748,7.6,0.05141567850308914
Concrete,90,2.3,2.484,8.0,0.05140810823930264
Concrete,90,2.3,2.4932,8.4,0.05140057053539278
Concrete,90,2.3,2.5024,8.8,0.0513930156101714
Concrete,90,2.3,2.5116,9.2,0.05138541824003346
Concrete,90,2.3,2.5208,9.6,0.0513779516748579
Concrete,90,2.3,2.53,10.0,0.051370504061175055
Concrete,100,2.3,2.07,-10.0,0.040322001322920145
Concrete,100,2.3,2.0792,-9.6,0.040306498300741636
Concrete,100,2.3,2.0884,-9.2,0.040291012392133764
Concrete,100,2.3,2.0976,-8.8,0.04027547050311419
Concrete,100,2.3,2.1068,-8.4,0.04026043431390933
Concrete,100,2.3,2.116,-8.0,0.04024700495468955
Concrete,100,2.3,2.1252,-7.6,0.04023353758980979
Concrete,100,2.3,2.1344,-7.2,0.04022013762937264
Concrete,100,2.3,2.1436,-6.8,0.04020669063898336
Concrete,100,2.3,2.1528,-6.4,0.040193602904431386
Concrete,100,2.3,2.162,-6.0,0.040180668342591964
Concrete,100,2.3,2.1712,-5.6,0.04016768809832001
Concrete,100,2.3,2.1804,-5.2,0.040154796693777355
Concrete,100,2.3,2.1896,-4.8,0.04014185799129206
Concrete,100,2.3,2.1988,-4.4,0.04012898969514316
Concrete,100,2.3,2.208,-4.0,0.04011605342042344
Concrete,100,2.3,2.2172,-3.6,0.040100162373743836
Concrete,100,2.3,2.2264,-3.2,0.040083712759259794
Concrete,100,2.3,2.2356,-2.8,0.040067219399154336
Concrete,100,2.3,2.2448,-2.4,0.04005072089719293
Concrete,100,2.3,2.254,-2.0,0.04003431357104601
Concrete,100,2.3,2.2632,-1.6,0.0400178990373957
Concrete,100,2.3,2.2724,-1.2,0.04000146104053326
Concrete,100,2.3,2.2816,-0.8,0.03998507288785125
Concrete,100,2.3,2.2908,-0.4,0.03996864344020474
Concrete,100,2.3,2.3092,0.4,0.039935916303392834
Concrete,100,2.3,2.3184,0.8,0.03991974476365209
Concrete,100,2.3,2.3276,1.2,0.03990363588359567
Concrete,100,2.3,2.3368,1.6,0.03988745443061783
Concrete,100,2.3,2.346,2.0,0.03987202075003893
Concrete,100,2.3,2.3552,2.4,0.03985661172871846
Concrete,100,2.3,2.3644,2.8,0.03984125387401265
Concrete,100,2.3,2.3736,3.2,0.039825897121705964
Concrete,100,2.3,2.3828,3.6,0.039811654623928196
Concrete,100,2.3,2.392,4.0,0.03980450412787142
Concrete,100,2.3,2.4012,4.4,0.03979734309950003
Concrete,100,2.3,2.4104,4.8,0.03979013895069302
Concrete,100,2.3,2.4196,5.2,0.039783243714845
Concrete,100,2.3,2.4288,5.6,0.0397764292342825
Concrete,100,2.3,2.438,6.0,0.03976962823583769
Concrete,100,2.3,2.4472,6.4,0.03976278271645289
Concrete,100,2.3,2.4564,6.8,0.0397559943219756
Concrete,100,2.3,2.4656,7.2,0.039749276166614236
Concrete,100,2.3,2.4748,7.6,0.03974248158192259
Concrete,100,2.3,2.484,8.0,0.03973579236866379
Concrete,100,2.3,2.4932,8.4,0.03972908857195065
Concrete,100,2.3,2.5024,8.8,0.039722399662352095
Concrete,100,2.3,2.5116,9.2,0.039715682830848476
Concrete,100,2.3,2.5208,9.6,0.03970781449861454
Concrete,100,2.3,2.53,10.0,0.03969896831209856
Concrete,120,2.3,2.07,-10.0,0.024168112911042178
Concrete,120,2.3,2.0792,-9.6,0.024160900811361838
Concrete,120,2.3,2.0884,-9.2,0.024153647725333797
Concrete,120,2.3,2.0976,-8.8,0.024146399609415253
Concrete,120,2.3,2.1068,-8.4,0.024139210001981395
Concrete,120,2.3,2.116,-8.0,0.02413203125503989
Concrete,120,2.3,2.1252,-7.6,0.024124898441295162
Concrete,120,2.3,2.1344,-7.2,0.024117750622273906
Concrete,120,2.3,2.1436,-6.8,0.024110601915933616
Concrete,120,2.3,2.1528,-6.4,0.024103468072473332
Concrete,120,2.3,2.162,-6.0,0.02409634747131863
Concrete,120,2.3,2.1712,-5.6,0.024089198733245155
Concrete,120,2.3,2.1804,-5.2,0.024082092110365105
Concrete,120,2.3,2.1896,-4.8,0.02407498719857493
Concrete,120,2.3,2.1988,-4.4,0.02406790759841989
Concrete,120,2.3,2.208,-4.0,0.024060849198189824
Concrete,120,2.3,2.2172,-3.6,0.02405384794242648
Concrete,120,2.3,2.2264,-3.2,0.02404683662708599
Concrete,120,2.3,2.2356,-2.8,0.024039840682555554
Concrete,120,2.3,2.2448,-2.4,0.024032867381572096
Concrete,120,2.3,2.254,-2.0,0.02402586618960094
Concrete,120,2.3,2.2632,-1.6,0.024018907856262962
Concrete,120,2.3,2.2724,-1.2,0.024011963027796544
Concrete,120,2.3,2.2816,-0.8,0.024005011144082062
Concrete,120,2.3,2.2908,-0.4,0.023998333146199046
Concrete,120,2.3,2.3092,0.4,0.02398522346930928
Concrete,120,2.3,2.3184,0.8,0.023978796115111396
Concrete,120,2.3,2.3276,1.2,0.023972504435560163
Concrete,120,2.3,2.3368,1.6,0.023966221458644386
Concrete,120,2.3,2.346,2.0,0.023959999524279397
Concrete,120,2.3,2.3552,2.4,0.023953740990227373
Concrete,120,2.3,2.3644,2.8,0.023947476145598362
Concrete,120,2.3,2.3736,3.2,0.023941137990478624
Concrete,120,2.3,2.3828,3.6,0.02393481221921955
Concrete,120,2.3,2.392,4.0,0.023928475643132885
Concrete,120,2.3,2.4012,4.4,0.023922165657367003
Concrete,120,2.3,2.4104,4.8,0.023915859959725637
Concrete,120,2.3,2.4196,5.2,0.023909546574421344
Concrete,120,2.3,2.4288,5.6,0.02390365188584954
Concrete,120,2.3,2.438,6.0,0.023897362226702468
Concrete,120,2.3,2.4472,6.4,0.023890663035755946
Concrete,120,2.3,2.4564,6.8,0.023883911767369342
Concrete,120,2.3,2.4656,7.2,0.023877236914739274
Concrete,120,2.3,2.4748,7.6,0.0238711346555174
Concrete,120,2.3,2.484,8.0,0.02386900152648311
Concrete,120,2.3,2.4932,8.4,0.023866855507915678
Concrete,120,2.3,2.5024,8.8,0.023864684985288168
Concrete,120,2.3,2.5116,9.2,0.023862507112978028
Concrete,120,2.3,2.5208,9.6,0.023860371263625963
Concrete,120,2.3,2.53,10.0,0.023858194964919668
Concrete,140,2.3,2.07,-10.0,0.014931315566730493
Concrete,140,2.3,2.0792,-9.6,0.014927010327998164
Concrete,140,2.3,2.0884,-9.2,0.014922710899598433
Concrete,140,2.3,2.0976,-8.8,0.01491836984539519
Concrete,140,2.3,2.1068,-8.4,0.014914012506019205
Concrete,140,2.3,2.116,-8.0,0.014909673394102062
Concrete,140,2.3,2.1252,-7.6,0.014905314336760874
Concrete,140,2.3,2.1344,-7.2,0.014900907920025045
Concrete,140,2.3,2.1436,-6.8,0.0148965267035193
Concrete,140,2.3,2.1528,-6.4,0.014892124095335295
Concrete,140,2.3,2.162,-6.0,0.014887751187939042
Concrete,140,2.3,2.1712,-5.6,0.014883355174359451
Concrete,140,2.3,2.1804,-5.2,0.01487900229550069
Concrete,140,2.3,2.1896,-4.8,0.014874732271836182
Concrete,140,2.3,2.1988,-4.4,0.014870490397916976
Concrete,140,2.3,2.208,-4.0,0.014866226585484142
Concrete,140,2.3,2.2172,-3.6,0.01486199929215466
Concrete,140,2.3,2.2264,-3.2,0.014857767820254058
Concrete,140,2.3,2.2356,-2.8,0.014853517131822497
Concrete,140,2.3,2.2448,-2.4,0.014849289563854862
Concrete,140,2.3,2.254,-2.0,0.014845040081485005
Concrete,140,2.3,2.2632,-1.6,0.014840814088998726
Concrete,140,2.3,2.2724,-1.2,0.014836607881579877
Concrete,140,2.3,2.2816,-0.8,0.014832382548352997
Concrete,140,2.3,2.2908,-0.4,0.014828167132743382
Concrete,140,2.3,2.3092,0.4,0.014819867385136219
Concrete,140,2.3,2.3184,0.8,0.0148157365949114
Concrete,140,2.3,2.3276,1.2,0.014811608324709626
Concrete,140,2.3,2.3368,1.6,0.014807537963881519
Concrete,140,2.3,2.346,2.0,0.014803483613712571
Concrete,140,2.3,2.3552,2.4,0.014799401185414753
Concrete,140,2.3,2.3644,2.8,0.014795309519101131
Concrete,140,2.3,2.3736,3.2,0.014791229669451119
Concrete,140,2.3,2.3828,3.6,0.014787160285059374
Concrete,140,2.3,2.392,4.0,0.014783084546529527
Concrete,140,2.3,2.4012,4.4,0.01477902818893569
Concrete,140,2.3,2.4104,4.8,0.014774940603299133
Concrete,140,2.3,2.4196,5.2,0.014770872005458438
Concrete,140,2.3,2.4288,5.6,0.01476684600966234
Concrete,140,2.3,2.438,6.0,0.014762771719829652
Concrete,140,2.3,2.4472,6.4,0.014758730507517377
Concrete,140,2.3,2.4564,6.8,0.014754658058881548
Concrete,140,2.3,2.4656,7.2,0.014750632981507271
Concrete,140,2.3,2.4748,7.6,0.01474656950931508
Concrete,140,2.3,2.484,8.0,0.014742557276623623
Concrete,140,2.3,2.4932,8.4,0.014738503710503377
Concrete,140,2.3,2.5024,8.8,0.014735912378761927
Concrete,140,2.3,2.5116,9.2,0.014734386623079524
Concrete,140,2.3,2.5208,9.6,0.014732962658579521
Concrete,140,2.3,2.53,10.0,0.014731718230291907
Steel,10,7.86,7.074,-10.0,2.197644066545643
Steel,10,7.86,7.10544,-9.6,2.1875428201464207
Steel,10,7.86,7.13688,-9.2,2.177496532964555
Steel,10,7.86,7.16832,-8.8,2.1676514718718223
Steel,10,7.86,7.19976,-8.4,2.158098903104243
Steel,10,7.86,7.2312,-8.0,2.1486416592710076
Steel,10,7.86,7.26264,-7.6,2.1394153282351542
Steel,10,7.86,7.29408,-7.2,2.130344119454697
Steel,10,7.86,7.32552,-6.8,2.1213519457401167
Steel,10,7.86,7.35696,-6.4,2.1124362050201007
Steel,10,7.86,7.3884,-6.0,2.103504502751072
Steel,10,7.86,7.41984,-5.6,2.0946060669890594
Steel,10,7.86,7.45128,-5.2,2.085823513359791
Steel,10,7.86,7.48272,-4.8,2.077459711035101
Steel,10,7.86,7.51416,-4.4,2.069190242369661
Steel,10,7.86,7.5456,-4.0,2.0609739588561133
Steel,10,7.86,7.57704,-3.6,2.052790026068497
Steel,10,7.86,7.60848,-3.2,2.0446512421096954
Steel,10,7.86,7.63992,-2.8,2.036828434853914
Steel,10,7.86,7.67136,-2.4,2.0290817327726227
Steel,10,7.86,7.7028,-2.0,2.0212421612885616
Steel,10,7.86,7.73424,-1.6,2.0134609610584118
Steel,10,7.86,7.76568,-1.2,2.005712937131282
Steel,10,7.86,7.79712,-0.8,1.9983083871445553
Steel,10,7.86,7.82856,-0.4,1.991039563372399
Steel,10,7.86,7.89144,0.4,1.9764865980224058
Steel,10,7.86,7.92288,0.8,1.9692059090870824
Steel,10,7.86,7.95432,1.2,1.961978405076992
Steel,10,7.86,7.98576,1.6,1.954851247534819
Steel,10,7.86,8.0172,2.0,1.947759790537036
Steel,10,7.86,8.04864,2.4,1.9406942994050598
Steel,10,7.86,8.08008,2.8,1.9336613667762088
Steel,10,7.86,8.11152,3.2,1.9266502024890493
Steel,10,7.86,8.14296,3.6,1.9197084521527852
Steel,10,7.86,8.1744,4.0,1.9128043576742286
Steel,10,7.86,8.20584,4.4,1.9059308028827522
Steel,10,7.86,8.23728,4.8,1.8990837343152414
Steel,10,7.86,8.26872,5.2,1.8922540386576394
Steel,10,7.86,8.30016,5.6,1.8854599164673689
Steel,10,7.86,8.3316,6.0,1.8786843545615124
Steel,10,7.86,8.36304,6.4,1.8720067299022853
Steel,10,7.86,8.39448,6.8,1.8649604867438148
Steel,10,7.86,8.42592,7.2,1.857024116113741
Steel,10,7.86,8.45736,7.6,1.8483799530120284
Steel,10,7.86,8.4888,8.0,1.8395289417605536
Steel,10,7.86,8.52024,8.4,1.8307183713530786
Steel,10,7.86,8.55168,8.8,1.8233120676601267
Steel,10,7.86,8.58312,9.2,1.8157461795321785
Steel,10,7.86,8.61456,9.6,1.8056718478832274
Steel,10,7.86,8.646,10.0,1.7952499987617188
Steel,20,7.86,7.074,-10.0,0.7759693290311863
Steel,20,7.86,7.10544,-9.6,0.7730198909747461
Steel,20,7.86,7.13688,-9.2,0.7700846020913672
Steel,20,7.86,7.16832,-8.8,0.767159963949207
Steel,20,7.86,7.19976,-8.4,0.7642473633773865
Steel,20,7.86,7.2312,-8.0,0.7613470259376435
Steel,20,7.86,7.26264,-7.6,0.7584574041384559
Steel,20,7.86,7.29408,-7.2,0.7555770086492977
Steel,20,7.86,7.32552,-6.8,0.7526801942782306
Steel,20,7.86,7.35696,-6.4,0.7497908229735988
Steel,20,7.86,7.3884,-6.0,0.7469098574047225
Steel,20,7.86,7.41984,-5.6,0.7440402554450778
Steel,20,7.86,7.45128,-5.2,0.741164555414497
Steel,20,7.86,7.48272,-4.8,0.7382996015899503
Steel,20,7.86,7.51416,-4.4,0.7354598071915588
Steel,20,7.86,7.5456,-4.0,0.7326490117217822
Steel,20,7.86,7.57704,-3.6,0.7298517978634878
Steel,20,7.86,7.60848,-3.2,0.7270647608511542
Steel,20,7.86,7.63992,-2.8,0.7242889135599961
Steel,20,7.86,7.67136,-2.4,0.7215247067982574
Steel,20,7.86,7.7028,-2.0,0.7187699395406684
Steel,20,7.86,7.73424,-1.6,0.7160262576805739
Steel,20,7.86,7.76568,-1.2,0.7132950322991299
Steel,20,7.86,7.79712,-0.8,0.7105798651950687
Steel,20,7.86,7.82856,-0.4,0.7078754462243453
Steel,20,7.86,7.89144,0.4,0.7024972886498101
Steel,20,7.86,7.92288,0.8,0.6998250361689693
Steel,20,7.86,7.95432,1.2,0.697162026796249
Steel,20,7.86,7.98576,1.6,0.694379021810384
Steel,20,7.86,8.0172,2.0,0.6915740776045363
Steel,20,7.86,8.04864,2.4,0.6887816876237104
Steel,20,7.86,8.08008,2.8,0.6860003334459588
Steel,20,7.86,8.11152,3.2,0.683233904642095
Steel,20,7.86,8.14296,3.6,0.6804788300732094
Steel,20,7.86,8.1744,4.0,0.6777624528930783
Steel,20,7.86,8.20584,4.4,0.6750542948989701
Steel,20,7.86,8.23728,4.8,0.6721874152799476
Steel,20,7.86,8.26872,5.2,0.6692752835605305
Steel,20,7.86,8.30016,5.6,0.6663861357938107
Steel,20,7.86,8.3316,6.0,0.6635245317970212
Steel,20,7.86,8.36304,6.4,0.6606763290258068
Steel,20,7.86,8.39448,6.8,0.6579420055102686
Steel,20,7.86,8.42592,7.2,0.655224426206669
Steel,20,7.86,8.45736,7.6,0.6525259440355543
Steel,20,7.86,8.4888,8.0,0.6498329118260865
Steel,20,7.86,8.52024,8.4,0.6471300361585185
Steel,20,7.86,8.55168,8.8,0.6444869673576427
Steel,20,7.86,8.58312,9.2,0.6419010743513162
Steel,20,7.86,8.61456,9.6,0.6393256506982478
Steel,20,7.86,8.646,10.0,0.6367627986832657
Steel,30,7.86,7.074,-10.0,0.2813972063729703
Steel,30,7.86,7.10544,-9.6,0.2804221256819679
Steel,30,7.86,7.13688,-9.2,0.2794516005934479
Steel,30,7.86,7.16832,-8.8,0.27847493483786523
Steel,30,7.86,7.19976,-8.4,0.2774945167176634
Steel,30,7.86,7.2312,-8.0,0.27651458720486544
Steel,30,7.86,7.26264,-7.6,0.2755386034441628
Steel,30,7.86,7.29408,-7.2,0.2745667589654497
Steel,30,7.86,7.32552,-6.8,0.2735975737741269
Steel,30,7.86,7.35696,-6.4,0.27263060475477413
Steel,30,7.86,7.3884,-6.0,0.2716671207037052
Steel,30,7.86,7.41984,-5.6,0.27070755819570497
Steel,30,7.86,7.45128,-5.2,0.2697484266221499
Steel,30,7.86,7.48272,-4.8,0.26877947733708674
Steel,30,7.86,7.51416,-4.4,0.2678140827863849
Steel,30,7.86,7.5456,-4.0,0.26685189317723407
Steel,30,7.86,7.57704,-3.6,0.26589394900672664
Steel,30,7.86,7.60848,-3.2,0.26493948362649455
Steel,30,7.86,7.63992,-2.8,0.2639878236264674
Steel,30,7.86,7.67136,-2.4,0.2630399088028794
Steel,30,7.86,7.7028,-2.0,0.26209519650436575
Steel,30,7.86,7.73424,-1.6,0.2611540612921575
Steel,30,7.86,7.76568,-1.2,0.26023445962943637
Steel,30,7.86,7.79712,-0.8,0.25932381781379893
Steel,30,7.86,7.82856,-0.4,0.2584258730346274
Steel,30,7.86,7.89144,0.4,0.25664170210370885
Steel,30,7.86,7.92288,0.8,0.25575385876691176
Steel,30,7.86,7.95432,1.2,0.2548694134178366
Steel,30,7.86,7.98576,1.6,0.25398835985769685
Steel,30,7.86,8.0172,2.0,0.25311035368323004
Steel,30,7.86,8.04864,2.4,0.2522357843869125
Steel,30,7.86,8.08008,2.8,0.2513644268596841
Steel,30,7.86,8.11152,3.2,0.2504958753707143
Steel,30,7.86,8.14296,3.6,0.24962521666725448
Steel,30,7.86,8.1744,4.0,0.24875761070943456
Steel,30,7.86,8.20584,4.4,0.2478937301304224
Steel,30,7.86,8.23728,4.8,0.2470372725844466
Steel,30,7.86,8.26872,5.2,0.2461852502812072
Steel,30,7.86,8.30016,5.6,0.24533554114811326
Steel,30,7.86,8.3316,6.0,0.24448940877406863
Steel,30,7.86,8.36304,6.4,0.2436456059757422
Steel,30,7.86,8.39448,6.8,0.24280485623803252
Steel,30,7.86,8.42592,7.2,0.24196748830760367
Steel,30,7.86,8.45736,7.6,0.24114087149984656
Steel,30,7.86,8.4888,8.0,0.24032303173227698
Steel,30,7.86,8.52024,8.4,0.2395083172693708
Steel,30,7.86,8.55168,8.8,0.2386963205633444
Steel,30,7.86,8.58312,9.2,0.23788735024241506
Steel,30,7.86,8.61456,9.6,0.23708068394006812
Steel,30,7.86,8.646,10.0,0.23627668146398847
Steel,40,7.86,7.074,-10.0,0.11563107423526882
Steel,40,7.86,7.10544,-9.6,0.11519727244589918
Steel,40,7.86,7.13688,-9.2,0.11476757279231602
Steel,40,7.86,7.16832,-8.8,0.11436583609407511
Steel,40,7.86,7.19976,-8.4,0.11396553419180913
Steel,40,7.86,7.2312,-8.0,0.11356711622971313
Steel,40,7.86,7.26264,-7.6,0.11316984235426406
Steel,40,7.86,7.29408,-7.2,0.1127735416593976
Steel,40,7.86,7.32552,-6.8,0.11234513012481259
Steel,40,7.86,7.35696,-6.4,0.11191841943833428
Steel,40,7.86,7.3884,-6.0,0.11149376653244518
Steel,40,7.86,7.41984,-5.6,0.11107129462274715
Steel,40,7.86,7.45128,-5.2,0.11065103095753254
Steel,40,7.86,7.48272,-4.8,0.11023242215613005
Steel,40,7.86,7.51416,-4.4,0.1098160182390952
Steel,40,7.86,7.5456,-4.0,0.1093997497214212
Steel,40,7.86,7.57704,-3.6,0.10898185267011264
Steel,40,7.86,7.60848,-3.2,0.10856568161647824
Steel,40,7.86,7.63992,-2.8,0.10815104990144296
Steel,40,7.86,7.67136,-2.4,0.10773863510451184
Steel,40,7.86,7.7028,-2.0,0.10731570288502935
Steel,40,7.86,7.73424,-1.6,0.10689455516215421
Steel,40,7.86,7.76568,-1.2,0.10647546720398375
Steel,40,7.86,7.79712,-0.8,0.10605822630977838
Steel,40,7.86,7.82856,-0.4,0.10564266027911623
Steel,40,7.86,7.89144,0.4,0.10481833750056233
Steel,40,7.86,7.92288,0.8,0.10440867563954893
Steel,40,7.86,7.95432,1.2,0.10400091396061299
Steel,40,7.86,7.98576,1.6,0.10359479447359463
Steel,40,7.86,8.0172,2.0,0.10319056190386257
Steel,40,7.86,8.04864,2.4,0.10278846649890315
Steel,40,7.86,8.08008,2.8,0.10238803846248766
Steel,40,7.86,8.11152,3.2,0.10198922301437997
Steel,40,7.86,8.14296,3.6,0.10159221739968485
Steel,40,7.86,8.1744,4.0,0.1011968954316799
Steel,40,7.86,8.20584,4.4,0.10080352149932609
Steel,40,7.86,8.23728,4.8,0.10041363095815233
Steel,40,7.86,8.26872,5.2,0.10003027633833296
Steel,40,7.86,8.30016,5.6,0.09964840478822806
Steel,40,7.86,8.3316,6.0,0.09926814527257317
Steel,40,7.86,8.36304,6.4,0.09888950890440075
Steel,40,7.86,8.39448,6.8,0.09851222405743229
Steel,40,7.86,8.42592,7.2,0.09813621936946534
Steel,40,7.86,8.45736,7.6,0.097762232967203
Steel,40,7.86,8.4888,8.0,0.09738932682018374
Steel,40,7.86,8.52024,8.4,0.09701834732112664
Steel,40,7.86,8.55168,8.8,0.09664894264033247
Steel,40,7.86,8.58312,9.2,0.09628281226084386
Steel,40,7.86,8.61456,9.6,0.09591937037947765
Steel,40,7.86,8.646,10.0,0.09555750862456242
Steel,50,7.86,7.074,-10.0,0.05302480855926626
Steel,50,7.86,7.10544,-9.6,0.05286243724955515
Steel,50,7.86,7.13688,-9.2,0.0527007180467511
Steel,50,7.86,7.16832,-8.8,0.052539782311152965
Steel,50,7.86,7.19976,-8.4,0.0523794721165483
Steel,50,7.86,7.2312,-8.0,0.05222146638513427
Steel,50,7.86,7.26264,-7.6,0.052064418226540884
Steel,50,7.86,7.29408,-7.2,0.051907887353787124
Steel,50,7.86,7.32552,-6.8,0.0517517965190406
Steel,50,7.86,7.35696,-6.4,0.05159630398111134
Steel,50,7.86,7.3884,-6.0,0.05144180700017026
Steel,50,7.86,7.41984,-5.6,0.051287990952381325
Steel,50,7.86,7.45128,-5.2,0.051134764336208734
Steel,50,7.86,7.48272,-4.8,0.050981859058724086
Steel,50,7.86,7.51416,-4.4,0.05083016134683745
Steel,50,7.86,7.5456,-4.0,0.05067918184870402
Steel,50,7.86,7.57704,-3.6,0.05052876228582314
Steel,50,7.86,7.60848,-3.2,0.050379133103207734
Steel,50,7.86,7.63992,-2.8,0.050229978504007816
Steel,50,7.86,7.67136,-2.4,0.050082273186103796
Steel,50,7.86,7.7028,-2.0,0.049934063027785254
Steel,50,7.86,7.73424,-1.6,0.04978405118728498
Steel,50,7.86,7.76568,-1.2,0.04963441470409865
Steel,50,7.86,7.79712,-0.8,0.04948589514723352
Steel,50,7.86,7.82856,-0.4,0.0493396940833521
Steel,50,7.86,7.89144,0.4,0.04904912696267046
Steel,50,7.86,7.92288,0.8,0.04890444081146897
Steel,50,7.86,7.95432,1.2,0.04876035981404101
Steel,50,7.86,7.98576,1.6,0.04861668244175819
Steel,50,7.86,8.0172,2.0,0.04847667942432459
Steel,50,7.86,8.04864,2.4,0.048338047452468794
Steel,50,7.86,8.08008,2.8,0.048199840405443194
Steel,50,7.86,8.11152,3.2,0.04806200009904048
Steel,50,7.86,8.14296,3.6,0.04792464390838105
Steel,50,7.86,8.1744,4.0,0.047787645941430756
Steel,50,7.86,8.20584,4.4,0.047651012375840435
Steel,50,7.86,8.23728,4.8,0.047514888767894184
Steel,50,7.86,8.26872,5.2,0.04737917921126475
Steel,50,7.86,8.30016,5.6,0.04724376633915867
Steel,50,7.86,8.3316,6.0,0.04710853921065393
Steel,50,7.86,8.36304,6.4,0.04697365279402697
Steel,50,7.86,8.39448,6.8,0.046839326825739526
Steel,50,7.86,8.42592,7.2,0.04670519879017805
Steel,50,7.86,8.45736,7.6,0.04657165511778595
Steel,50,7.86,8.4888,8.0,0.046438604023372215
Steel,50,7.86,8.52024,8.4,0.046306227943471015
Steel,50,7.86,8.55168,8.8,0.046174234491544265
Steel,50,7.86,8.58312,9.2,0.04604266735694921
Steel,50,7.86,8.61456,9.6,0.04591149038263043
Steel,50,7.86,8.646,10.0,0.04577931055045779
Steel,60,7.86,7.074,-10.0,0.026834062505946468
Steel,60,7.86,7.10544,-9.6,0.02676069281182038
Steel,60,7.86,7.13688,-9.2,0.026688727860081033
Steel,60,7.86,7.16832,-8.8,0.02661723347359682
Steel,60,7.86,7.19976,-8.4,0.026545982006346443
Steel,60,7.86,7.2312,-8.0,0.026474885188272373
Steel,60,7.86,7.26264,-7.6,0.026404018910606872
Steel,60,7.86,7.29408,-7.2,0.026333301750050747
Steel,60,7.86,7.32552,-6.8,0.026262770718440402
Steel,60,7.86,7.35696,-6.4,0.02619124647340473
Steel,60,7.86,7.3884,-6.0,0.026117871079681432
Steel,60,7.86,7.41984,-5.6,0.026044695267472856
Steel,60,7.86,7.45128,-5.2,0.025971685546543458
Steel,60,7.86,7.48272,-4.8,0.02589898189271202
Steel,60,7.86,7.51416,-4.4,0.025826415558225596
Steel,60,7.86,7.5456,-4.0,0.025754167727443454
Steel,60,7.86,7.57704,-3.6,0.02568226737573296
Steel,60,7.86,7.60848,-3.2,0.025610710510514993
Steel,60,7.86,7.63992,-2.8,0.025539323823100913
Steel,60,7.86,7.67136,-2.4,0.02546812967664353
Steel,60,7.86,7.7028,-2.0,0.025397173058232757
Steel,60,7.86,7.73424,-1.6,0.02532642688633636
Steel,60,7.86,7.76568,-1.2,0.025255884844004636
Steel,60,7.86,7.79712,-0.8,0.025185498132444275
Steel,60,7.86,7.82856,-0.4,0.025115356907945155
Steel,60,7.86,7.89144,0.4,0.024976377980510153
Steel,60,7.86,7.92288,0.8,0.024907163701330993
Steel,60,7.86,7.95432,1.2,0.024838149341626283
Steel,60,7.86,7.98576,1.6,0.024769412123819893
Steel,60,7.86,8.0172,2.0,0.024700865592374985
Steel,60,7.86,8.04864,2.4,0.024632673101218014
Steel,60,7.86,8.08008,2.8,0.0245646957624871
Steel,60,7.86,8.11152,3.2,0.024497172267607146
Steel,60,7.86,8.14296,3.6,0.024430908418401075
Steel,60,7.86,8.1744,4.0,0.024364978612969712
Steel,60,7.86,8.20584,4.4,0.02429913461894931
Steel,60,7.86,8.23728,4.8,0.024232505254365617
Steel,60,7.86,8.26872,5.2,0.024166006490259396
Steel,60,7.86,8.30016,5.6,0.024099693986615215
Steel,60,7.86,8.3316,6.0,0.024033611959383555
Steel,60,7.86,8.36304,6.4,0.02396779667700154
Steel,60,7.86,8.39448,6.8,0.0239034077070032
Steel,60,7.86,8.42592,7.2,0.023839508966821975
Steel,60,7.86,8.45736,7.6,0.02377572442340496
Steel,60,7.86,8.4888,8.0,0.023712197709482657
Steel,60,7.86,8.52024,8.4,0.023648770457455556
Steel,60,7.86,8.55168,8.8,0.023585569173066437
Steel,60,7.86,8.58312,9.2,0.02352253571621446
Steel,60,7.86,8.61456,9.6,0.023459642626124384
Steel,60,7.86,8.646,10.0,0.02339695167850142
Steel,70,7.86,7.074,-10.0,0.013923431014423287
Steel,70,7.86,7.10544,-9.6,0.013885729256082153
Steel,70,7.86,7.13688,-9.2,0.013848103232575916
Steel,70,7.86,7.16832,-8.8,0.013810634241080139
Steel,70,7.86,7.19976,-8.4,0.01377351766703492
Steel,70,7.86,7.2312,-8.0,0.013736710803725447
Steel,70,7.86,7.26264,-7.6,0.013700003661696169
Steel,70,7.86,7.29408,-7.2,0.01366343457881395
Steel,70,7.86,7.32552,-6.8,0.013626979235765885
Steel,70,7.86,7.35696,-6.4,0.013590894759033028
Steel,70,7.86,7.3884,-6.0,0.01355492538602705
Steel,70,7.86,7.41984,-5.6,0.013519056031899917
Steel,70,7.86,7.45128,-5.2,0.013483313392078656
Steel,70,7.86,7.48272,-4.8,0.013446887785701234
Steel,70,7.86,7.51416,-4.4,0.013410585146505517
Steel,70,7.86,7.5456,-4.0,0.013374359927394936
Steel,70,7.86,7.57704,-3.6,0.013338197655154867
Steel,70,7.86,7.60848,-3.2,0.013302194405373523
Steel,70,7.86,7.63992,-2.8,0.013266253067514508
Steel,70,7.86,7.67136,-2.4,0.013230365999670585
Steel,70,7.86,7.7028,-2.0,0.013194657523454273
Steel,70,7.86,7.73424,-1.6,0.013159085549440952
Steel,70,7.86,7.76568,-1.2,0.013123577531961734
Steel,70,7.86,7.79712,-0.8,0.01308816309386628
Steel,70,7.86,7.82856,-0.4,0.013052846572847925
Steel,70,7.86,7.89144,0.4,0.012983608296067156
Steel,70,7.86,7.92288,0.8,0.01294962189963651
Steel,70,7.86,7.95432,1.2,0.012915839686775711
Steel,70,7.86,7.98576,1.6,0.012882060358592119
Steel,70,7.86,8.0172,2.0,0.0128484257484991
Steel,70,7.86,8.04864,2.4,0.01281484803278233
Steel,70,7.86,8.08008,2.8,0.012781429556369312
Steel,70,7.86,8.11152,3.2,0.012748083363544323
Steel,70,7.86,8.14296,3.6,0.012714995533127792
Steel,70,7.86,8.1744,4.0,0.012681993065606138
Steel,70,7.86,8.20584,4.4,0.012649074345459886
Steel,70,7.86,8.23728,4.8,0.012616296957315655
Steel,70,7.86,8.26872,5.2,0.012583679783497163
Steel,70,7.86,8.30016,5.6,0.012551108773942856
Steel,70,7.86,8.3316,6.0,0.012518653751834379
Steel,70,7.86,8.36304,6.4,0.012486286708473255
Steel,70,7.86,8.39448,6.8,0.012454011101956385
Steel,70,7.86,8.42592,7.2,0.012421843944002909
Steel,70,7.86,8.45736,7.6,0.01238984675279303
Steel,70,7.86,8.4888,8.0,0.012357920575105132
Steel,70,7.86,8.52024,8.4,0.012326058652022251
Steel,70,7.86,8.55168,8.8,0.012294277004179533
Steel,70,7.86,8.58312,9.2,0.012262793623602596
Steel,70,7.86,8.61456,9.6,0.012231671676193524
Steel,70,7.86,8.646,10.0,0.01220068719879945
Steel,80,7.86,7.074,-10.0,0.007434155848733705
Steel,80,7.86,7.10544,-9.6,0.0074155258740514094
Steel,80,7.86,7.13688,-9.2,0.007396879172288738
Steel,80,7.86,7.16832,-8.8,0.007378313266988861
Steel,80,7.86,7.19976,-8.4,0.007359775562060538
Steel,80,7.86,7.2312,-8.0,0.007341295843014193
Steel,80,7.86,7.26264,-7.6,0.007322848324779478
Steel,80,7.86,7.29408,-7.2,0.007304458740243369
Steel,80,7.86,7.32552,-6.8,0.007286107443208802
Steel,80,7.86,7.35696,-6.4,0.007267968910969215
Steel,80,7.86,7.3884,-6.0,0.00724990024752211
Steel,80,7.86,7.41984,-5.6,0.007231894458995911
Steel,80,7.86,7.45128,-5.2,0.00721392837838647
Steel,80,7.86,7.48272,-4.8,0.007195997299968384
Steel,80,7.86,7.51416,-4.4,0.007178112182478052
Steel,80,7.86,7.5456,-4.0,0.0071602743340437435
Steel,80,7.86,7.57704,-3.6,0.007142476144282854
Steel,80,7.86,7.60848,-3.2,0.00712493894392233
Steel,80,7.86,7.63992,-2.8,0.007107460557940218
Steel,80,7.86,7.67136,-2.4,0.007090033504441339
Steel,80,7.86,7.7028,-2.0,0.007072630627184554
Steel,80,7.86,7.73424,-1.6,0.007055270755700856
Steel,80,7.86,7.76568,-1.2,0.007037959418979119
Steel,80,7.86,7.79712,-0.8,0.007020668231954507
Steel,80,7.86,7.82856,-0.4,0.00700340116640356
Steel,80,7.86,7.89144,0.4,0.006968994526426259
Steel,80,7.86,7.92288,0.8,0.006951810137881722
Steel,80,7.86,7.95432,1.2,0.006934660387895018
Steel,80,7.86,7.98576,1.6,0.006917495800206518
Steel,80,7.86,8.0172,2.0,0.006900408653934082
Steel,80,7.86,8.04864,2.4,0.006883349872254307
Steel,80,7.86,8.08008,2.8,0.00686633959997619
Steel,80,7.86,8.11152,3.2,0.006849373012167297
Steel,80,7.86,8.14296,3.6,0.006832448210735873
Steel,80,7.86,8.1744,4.0,0.0068155744961464135
Steel,80,7.86,8.20584,4.4,0.00679872875567971
Steel,80,7.86,8.23728,4.8,0.006781933763689175
Steel,80,7.86,8.26872,5.2,0.006765187613008716
Steel,80,7.86,8.30016,5.6,0.006748479297866363
Steel,80,7.86,8.3316,6.0,0.006731804946413036
Steel,80,7.86,8.36304,6.4,0.006715196017998278
Steel,80,7.86,8.39448,6.8,0.006698484765304115
Steel,80,7.86,8.42592,7.2,0.006681564808378341
Steel,80,7.86,8.45736,7.6,0.006664714257813561
Steel,80,7.86,8.4888,8.0,0.006647908944421434
Steel,80,7.86,8.52024,8.4,0.006631144523666338
Steel,80,7.86,8.55168,8.8,0.0066144151488829895
Steel,80,7.86,8.58312,9.2,0.006597747991288444
Steel,80,7.86,8.61456,9.6,0.0065811006594166605
Steel,80,7.86,8.646,10.0,0.006564517591398018
Steel,90,7.86,7.074,-10.0,0.00398391672336088
Steel,90,7.86,7.10544,-9.6,0.003973878390672413
Steel,90,7.86,7.13688,-9.2,0.003963859624400485
Steel,90,7.86,7.16832,-8.8,0.003953835366192591
Steel,90,7.86,7.19976,-8.4,0.003943839111973826
Steel,90,7.86,7.2312,-8.0,0.003933854213636252
Steel,90,7.86,7.26264,-7.6,0.003923940199391778
Steel,90,7.86,7.29408,-7.2,0.0039140683984833745
Steel,90,7.86,7.32552,-6.8,0.0039042172071724604
Steel,90,7.86,7.35696,-6.4,0.0038943814487355003
Steel,90,7.86,7.3884,-6.0,0.0038845719141658414
Steel,90,7.86,7.41984,-5.6,0.003874782192439486
Steel,90,7.86,7.45128,-5.2,0.003865020479200525
Steel,90,7.86,7.48272,-4.8,0.0038552783883064644
Steel,90,7.86,7.51416,-4.4,0.003845586342947637
Steel,90,7.86,7.5456,-4.0,0.0038359108299134276
Steel,90,7.86,7.57704,-3.6,0.003826256313154338
Steel,90,7.86,7.60848,-3.2,0.0038166206809535745
Steel,90,7.86,7.63992,-2.8,0.0038070902792883376
Steel,90,7.86,7.67136,-2.4,0.0037975934163913335
Steel,90,7.86,7.7028,-2.0,0.0037881145854584733
Steel,90,7.86,7.73424,-1.6,0.003778665724945484
Steel,90,7.86,7.76568,-1.2,0.0037692473354795477
Steel,90,7.86,7.79712,-0.8,0.003759853770147506
Steel,90,7.86,7.82856,-0.4,0.00375048748605533
Steel,90,7.86,7.89144,0.4,0.0037318220193741764
Steel,90,7.86,7.92288,0.8,0.003722529801286887
Steel,90,7.86,7.95432,1.2,0.00371325083443885
Steel,90,7.86,7.98576,1.6,0.0037039901715937525
Steel,90,7.86,8.0172,2.0,0.003694765193526193
Steel,90,7.86,8.04864,2.4,0.0036855638507913703
Steel,90,7.86,8.08008,2.8,0.003676382183504733
Steel,90,7.86,8.11152,3.2,0.0036672216453317204
Steel,90,7.86,8.14296,3.6,0.003658089495517971
Steel,90,7.86,8.1744,4.0,0.003648976374184073
Steel,90,7.86,8.20584,4.4,0.0036398840126051868
Steel,90,7.86,8.23728,4.8,0.0036308497092440756
Steel,90,7.86,8.26872,5.2,0.0036218650859782702
Steel,90,7.86,8.30016,5.6,0.0036129010313429785
Steel,90,7.86,8.3316,6.0,0.003603956680277136
Steel,90,7.86,8.36304,6.4,0.0035950135002805177
Steel,90,7.86,8.39448,6.8,0.003586080653852761
Steel,90,7.86,8.42592,7.2,0.003577175797437778
Steel,90,7.86,8.45736,7.6,0.003568295081269774
Steel,90,7.86,8.4888,8.0,0.003559431533020298
Steel,90,7.86,8.52024,8.4,0.003550593050905247
Steel,90,7.86,8.55168,8.8,0.0035417802586688377
Steel,90,7.86,8.58312,9.2,0.0035329829990910925
Steel,90,7.86,8.61456,9.6,0.0035242276526399018
Steel,90,7.86,8.646,10.0,0.0035154719223051884
Steel,100,7.86,7.074,-10.0,0.0021621090446024447
Steel,100,7.86,7.10544,-9.6,0.0021567181549238834
Steel,100,7.86,7.13688,-9.2,0.0021513477496068406
Steel,100,7.86,7.16832,-8.8,0.0021459884747982577
Steel,100,7.86,7.19976,-8.4,0.0021406423871669824
Steel,100,7.86,7.2312,-8.0,0.0021353154061256913
Steel,100,7.86,7.26264,-7.6,0.0021299999296454726
Steel,100,7.86,7.29408,-7.2,0.002124692114070362
Steel,100,7.86,7.32552,-6.8,0.0021198326074909346
Steel,100,7.86,7.35696,-6.4,0.0021156121552847154
Steel,100,7.86,7.3884,-6.0,0.0021114043014386877
Steel,100,7.86,7.41984,-5.6,0.002107284283126075
Steel,100,7.86,7.45128,-5.2,0.0021031521830322556
Steel,100,7.86,7.48272,-4.8,0.002099029564973529
Steel,100,7.86,7.51416,-4.4,0.0020949194691069046
Steel,100,7.86,7.5456,-4.0,0.00209082372205425
Steel,100,7.86,7.57704,-3.6,0.0020867426379112893
Steel,100,7.86,7.60848,-3.2,0.002082674998277572
Steel,100,7.86,7.63992,-2.8,0.0020786114940784892
Steel,100,7.86,7.67136,-2.4,0.002074556419698833
Steel,100,7.86,7.7028,-2.0,0.0020705108884091546
Steel,100,7.86,7.73424,-1.6,0.002066397262933128
Steel,100,7.86,7.76568,-1.2,0.0020622827564885037
Steel,100,7.86,7.79712,-0.8,0.002058183964113557
Steel,100,7.86,7.82856,-0.4,0.0020540922024423125
Steel,100,7.86,7.89144,0.4,0.0020461047755071684
Steel,100,7.86,7.92288,0.8,0.002042201141157086
Steel,100,7.86,7.95432,1.2,0.002038307658883841
Steel,100,7.86,7.98576,1.6,0.002034421111345916
Steel,100,7.86,8.0172,2.0,0.0020305437729881393
Steel,100,7.86,8.04864,2.4,0.002026674356078291
Steel,100,7.86,8.08008,2.8,0.002022800514112767
Steel,100,7.86,8.11152,3.2,0.0020188901717068373
Steel,100,7.86,8.14296,3.6,0.0020149859830823104
Steel,100,7.86,8.1744,4.0,0.002011091130716418
Steel,100,7.86,8.20584,4.4,0.0020071979015217406
Steel,100,7.86,8.23728,4.8,0.0020033175035588345
Steel,100,7.86,8.26872,5.2,0.0019994506524491245
Steel,100,7.86,8.30016,5.6,0.0019955902925787227
Steel,100,7.86,8.3316,6.0,0.0019917400052816953
Steel,100,7.86,8.36304,6.4,0.001987898982497584
Steel,100,7.86,8.39448,6.8,0.0019840715844415937
Steel,100,7.86,8.42592,7.2,0.0019802516371273744
Steel,100,7.86,8.45736,7.6,0.001976440345945378
Steel,100,7.86,8.4888,8.0,0.0019726602735194343
Steel,100,7.86,8.52024,8.4,0.0019688881133359025
Steel,100,7.86,8.55168,8.8,0.001965123941262998
Steel,100,7.86,8.58312,9.2,0.0019613665540147082
Steel,100,7.86,8.61456,9.6,0.0019576223686214858
Steel,100,7.86,8.646,10.0,0.001953898703378835
Steel,120,7.86,7.074,-10.0,0.0007888950027857786
Steel,120,7.86,7.10544,-9.6,0.0007873804474816397
Steel,120,7.86,7.13688,-9.2,0.0007858687238981655
Steel,120,7.86,7.16832,-8.8,0.0007843607316537355
Steel,120,7.86,7.19976,-8.4,0.000782855415571003
Steel,120,7.86,7.2312,-8.0,0.0007813515927223178
Steel,120,7.86,7.26264,-7.6,0.0007798535206967505
Steel,120,7.86,7.29408,-7.2,0.0007783569765501515
Steel,120,7.86,7.32552,-6.8,0.0007768635081242134
Steel,120,7.86,7.35696,-6.4,0.0007753707779940592
Steel,120,7.86,7.3884,-6.0,0.0007738833033563816
Steel,120,7.86,7.41984,-5.6,0.0007723983146399632
Steel,120,7.86,7.45128,-5.2,0.0007709147900262025
Steel,120,7.86,7.48272,-4.8,0.0007694376011578175
Steel,120,7.86,7.51416,-4.4,0.0007679600853373351
Steel,120,7.86,7.5456,-4.0,0.0007664879143461534
Steel,120,7.86,7.57704,-3.6,0.0007650149181829944
Steel,120,7.86,7.60848,-3.2,0.0007635482333385649
Steel,120,7.86,7.63992,-2.8,0.0007620829794622454
Steel,120,7.86,7.67136,-2.4,0.0007606200558696757
Steel,120,7.86,7.7028,-2.0,0.0007591627902513185
Steel,120,7.86,7.73424,-1.6,0.0007577064434206065
Steel,120,7.86,7.76568,-1.2,0.0007562451462548725
Steel,120,7.86,7.79712,-0.8,0.0007547897018648332
Steel,120,7.86,7.82856,-0.4,0.0007533340296308899
Steel,120,7.86,7.89144,0.4,0.0007504361000131211
Steel,120,7.86,7.92288,0.8,0.0007489884147085441
Steel,120,7.86,7.95432,1.2,0.0007475439795904093
Steel,120,7.86,7.98576,1.6,0.0007461043160530815
Steel,120,7.86,8.0172,2.0,0.0007446679445503566
Steel,120,7.86,8.04864,2.4,0.0007432320631454185
Steel,120,7.86,8.08008,2.8,0.000741800303229463
Steel,120,7.86,8.11152,3.2,0.000740370992457502
Steel,120,7.86,8.14296,3.6,0.000738944357389896
Steel,120,7.86,8.1744,4.0,0.0007375216852276816
Steel,120,7.86,8.20584,4.4,0.0007361007015529658
Steel,120,7.86,8.23728,4.8,0.000734683898559358
Steel,120,7.86,8.26872,5.2,0.0007332660718938446
Steel,120,7.86,8.30016,5.6,0.0007315530805617346
Steel,120,7.86,8.3316,6.0,0.0007293414345477017
Steel,120,7.86,8.36304,6.4,0.0007271697398878429
Steel,120,7.86,8.39448,6.8,0.0007250100895090416
Steel,120,7.86,8.42592,7.2,0.0007228597723135378
Steel,120,7.86,8.45736,7.6,0.0007207123022482677
Steel,120,7.86,8.4888,8.0,0.0007185775627435267
Steel,120,7.86,8.52024,8.4,0.0007164475940720925
Steel,120,7.86,8.55168,8.8,0.000714325272687184
Steel,120,7.86,8.58312,9.2,0.0007122111356910391
Steel,120,7.86,8.61456,9.6,0.0007100039546687547
Steel,120,7.86,8.646,10.0,0.0007077163610770999
Steel,140,7.86,7.074,-10.0,0.00029762165982397115
Steel,140,7.86,7.10544,-9.6,0.0002970528449387139
Steel,140,7.86,7.13688,-9.2,0.00029648542047991063
Steel,140,7.86,7.16832,-8.8,0.0002959202006349758
Steel,140,7.86,7.19976,-8.4,0.00029535842623061044
Steel,140,7.86,7.2312,-8.0,0.00029479861874769824
Steel,140,7.86,7.26264,-7.6,0.0002942379254541398
Steel,140,7.86,7.29408,-7.2,0.0002936793036600651
Steel,140,7.86,7.32552,-6.8,0.00029312260924762223
Steel,140,7.86,7.35696,-6.4,0.00029256670940564855
Steel,140,7.86,7.3884,-6.0,0.000292015460579365
Steel,140,7.86,7.41984,-5.6,0.0002914741210208155
Steel,140,7.86,7.45128,-5.2,0.0002909301327175353
Steel,140,7.86,7.48272,-4.8,0.0002903857437981646
Steel,140,7.86,7.51416,-4.4,0.0002898420221472909
Steel,140,7.86,7.5456,-4.0,0.00028929954635666176
Steel,140,7.86,7.57704,-3.6,0.0002884480291910301
Steel,140,7.86,7.60848,-3.2,0.0002875413328731698
Steel,140,7.86,7.63992,-2.8,0.0002866691788022118
Steel,140,7.86,7.67136,-2.4,0.00028580344662027603
Steel,140,7.86,7.7028,-2.0,0.00028493819305692525
Steel,140,7.86,7.73424,-1.6,0.00028409820872287784
Steel,140,7.86,7.76568,-1.2,0.00028327147846702124
Steel,140,7.86,7.79712,-0.8,0.0002824476526032138
Steel,140,7.86,7.82856,-0.4,0.00028164588061870455
Steel,140,7.86,7.89144,0.4,0.00028006416763079814
Steel,140,7.86,7.92288,0.8,0.00027923014985666635
Steel,140,7.86,7.95432,1.2,0.0002783666770059014
Steel,140,7.86,7.98576,1.6,0.0002775086416417823
Steel,140,7.86,8.0172,2.0,0.0002767236488869319
Steel,140,7.86,8.04864,2.4,0.00027591523059674656
Steel,140,7.86,8.08008,2.8,0.0002751008281460855
Steel,140,7.86,8.11152,3.2,0.0002742881026187308
Steel,140,7.86,8.14296,3.6,0.00027357478327031347
Steel,140,7.86,8.1744,4.0,0.0002728738880958276
Steel,140,7.86,8.20584,4.4,0.0002721688932002472
Steel,140,7.86,8.23728,4.8,0.00027146482721946596
Steel,140,7.86,8.26872,5.2,0.0002707636848975574
Steel,140,7.86,8.30016,5.6,0.00027006662439275155
Steel,140,7.86,8.3316,6.0,0.00026947091660100826
Steel,140,7.86,8.36304,6.4,0.0002688923996104063
Steel,140,7.86,8.39448,6.8,0.0002681802070847512
Steel,140,7.86,8.42592,7.2,0.00026743683425947527
Steel,140,7.86,8.45736,7.6,0.00026678682270410463
Steel,140,7.86,8.4888,8.0,0.0002662502374389353
Steel,140,7.86,8.52024,8.4,0.00026574655990649717
Steel,140,7.86,8.55168,8.8,0.00026525992342685864
Steel,140,7.86,8.58312,9.2,0.0002648152824729764
Steel,140,7.86,8.61456,9.6,0.00026437236706176317
Steel,140,7.86,8.646,10.0,0.00026393101639632057
BPE,10,1.04,0.936,-10.0,0.8847881670488792
BPE,10,1.04,0.94016,-9.6,0.8869310597991995
BPE,10,1.04,0.94432,-9.2,0.8892200019069034
BPE,10,1.04,0.94848,-8.8,0.8914297531215247
BPE,10,1.04,0.95264,-8.4,0.8936491857583647
BPE,10,1.04,0.9568,-8.0,0.8958795836228205
BPE,10,1.04,0.96096,-7.6,0.8981195186917171
BPE,10,1.04,0.96512,-7.2,0.9003714297133021
BPE,10,1.04,0.96928,-6.8,0.902631439448549
BPE,10,1.04,0.97344,-6.4,0.9049013718338229
BPE,10,1.04,0.9776,-6.0,0.9071839287566541
BPE,10,1.04,0.98176,-5.6,0.909476477238378
BPE,10,1.04,0.98592,-5.2,0.9117778627913165
BPE,10,1.04,0.99008,-4.8,0.914090855485148
BPE,10,1.04,0.99424,-4.4,0.9164147372395056
BPE,10,1.04,0.9984,-4.0,0.91874813525541
BPE,10,1.04,1.00256,-3.6,0.9210946244422806
BPE,10,1.04,1.00672,-3.2,0.9234493374310901
BPE,10,1.04,1.01088,-2.8,0.9258156677003208
BPE,10,1.04,1.01504,-2.4,0.9281920283209748
BPE,10,1.04,1.0192,-2.0,0.9305779932572827
BPE,10,1.04,1.02336,-1.6,0.9329751015311347
BPE,10,1.04,1.02752,-1.2,0.9353874962319376
BPE,10,1.04,1.03168,-0.8,0.9378145431004404
BPE,10,1.04,1.03584,-0.4,0.9402548463970819
BPE,10,1.04,1.04416,0.4,0.9451658986749919
BPE,10,1.04,1.04832,0.8,0.9476381810576779
BPE,10,1.04,1.05248,1.2,0.9501230729050324
BPE,10,1.04,1.05664,1.6,0.9526198823470434
BPE,10,1.04,1.0608,2.0,0.9551270919946817
BPE,10,1.04,1.06496,2.4,0.957647126141409
BPE,10,1.04,1.06912,2.8,0.9601785017737107
BPE,10,1.04,1.07328,3.2,0.9627247201972244
BPE,10,1.04,1.07744,3.6,0.9652820631782556
BPE,10,1.04,1.0816,4.0,0.9678498996059794
BPE,10,1.04,1.08576,4.4,0.9704301435859127
BPE,10,1.04,1.08992,4.8,0.9730227214183829
BPE,10,1.04,1.09408,5.2,0.9756257809412024
BPE,10,1.04,1.09824,5.6,0.9782428682872883
BPE,10,1.04,1.1024,6.0,0.980871359163735
BPE,10,1.04,1.10656,6.4,0.9835106189277317
BPE,10,1.04,1.11072,6.8,0.9861620648628243
BPE,10,1.04,1.11488,7.2,0.9888188707372715
BPE,10,1.04,1.11904,7.6,0.991482390699262
BPE,10,1.04,1.1232,8.0,0.9941368923732476
BPE,10,1.04,1.12736,8.4,0.9967995822332398
BPE,10,1.04,1.13152,8.8,0.9994750649121455
BPE,10,1.04,1.13568,9.2,1.0021627796484252
BPE,10,1.04,1.13984,9.6,1.004863165982126
BPE,10,1.04,1.144,10.0,1.007578560883781
BPE,20,1.04,0.936,-10.0,0.390315596891442
BPE,20,1.04,0.94016,-9.6,0.3910335527551521
BPE,20,1.04,0.94432,-9.2,0.39175881074960045
BPE,20,1.04,0.94848,-8.8,0.39249109686264055
BPE,20,1.04,0.95264,-8.4,0.39323168460463126
BPE,20,1.04,0.9568,-8.0,0.39393919485642465
BPE,20,1.04,0.96096,-7.6,0.39464858078218346
BPE,20,1.04,0.96512,-7.2,0.3953656359830383
BPE,20,1.04,0.96928,-6.8,0.39609092328506845
BPE,20,1.04,0.97344,-6.4,0.39682420803722285
BPE,20,1.04,0.9776,-6.0,0.39756598618262906
BPE,20,1.04,0.98176,-5.6,0.39831622863885024
BPE,20,1.04,0.98592,-5.2,0.3990746276441106
BPE,20,1.04,0.99008,-4.8,0.39984156820183203
BPE,20,1.04,0.99424,-4.4,0.40061736422792993
BPE,20,1.04,0.9984,-4.0,0.4014016100097653
BPE,20,1.04,1.00256,-3.6,0.40210726983591505
BPE,20,1.04,1.00672,-3.2,0.4028196867245004
BPE,20,1.04,1.01088,-2.8,0.4035400465920603
BPE,20,1.04,1.01504,-2.4,0.40426807445750973
BPE,20,1.04,1.0192,-2.0,0.4050032224009034
BPE,20,1.04,1.02336,-1.6,0.4057469601716692
BPE,20,1.04,1.02752,-1.2,0.4064984729049179
BPE,20,1.04,1.03168,-0.8,0.40725775932402486
BPE,20,1.04,1.03584,-0.4,0.40802569489426466
BPE,20,1.04,1.04416,0.4,0.4095948023258932
BPE,20,1.04,1.04832,0.8,0.41039196958434665
BPE,20,1.04,1.05248,1.2,0.41119762217186506
BPE,20,1.04,1.05664,1.6,0.41201184312573386
BPE,20,1.04,1.0608,2.0,0.41283461847065595
BPE,20,1.04,1.06496,2.4,0.41366627258807337
BPE,20,1.04,1.06912,2.8,0.4145060434763672
BPE,20,1.04,1.07328,3.2,0.41535529755024675
BPE,20,1.04,1.07744,3.6,0.41621371036925814
BPE,20,1.04,1.0816,4.0,0.4170803276027772
BPE,20,1.04,1.08576,4.4,0.4179562418407671
BPE,20,1.04,1.08992,4.8,0.4188421142124388
BPE,20,1.04,1.09408,5.2,0.41973649718696765
BPE,20,1.04,1.09824,5.6,0.4206407277560223
BPE,20,1.04,1.1024,6.0,0.42155426948087044
BPE,20,1.04,1.10656,6.4,0.422477264457437
BPE,20,1.04,1.11072,6.8,0.4234133932834961
BPE,20,1.04,1.11488,7.2,0.4243603427925806
BPE,20,1.04,1.11904,7.6,0.4253174361583259
BPE,20,1.04,1.1232,8.0,0.42628400690695695
BPE,20,1.04,1.12736,8.4,0.4272610848869211
BPE,20,1.04,1.13152,8.8,0.42816546262963856
BPE,20,1.04,1.13568,9.2,0.4290426081982936
BPE,20,1.04,1.13984,9.6,0.42992764521886273
BPE,20,1.04,1.144,10.0,0.4308204740634256
BPE,30,1.04,0.936,-10.0,0.2564910569691923
BPE,30,1.04,0.94016,-9.6,0.256677752180821
BPE,30,1.04,0.94432,-9.2,0.2568659916558224
BPE,30,1.04,0.94848,-8.8,0.25705567936138607
BPE,30,1.04,0.95264,-8.4,0.2572466200090585
BPE,30,1.04,0.9568,-8.0,0.2574387634261474
BPE,30,1.04,0.96096,-7.6,0.2576322425437461
BPE,30,1.04,0.96512,-7.2,0.25782734235276217
BPE,30,1.04,0.96928,-6.8,0.2580239252404299
BPE,30,1.04,0.97344,-6.4,0.2582218178061557
BPE,30,1.04,0.9776,-6.0,0.2584211511206661
BPE,30,1.04,0.98176,-5.6,0.2586219707821148
BPE,30,1.04,0.98592,-5.2,0.2588242169949006
BPE,30,1.04,0.99008,-4.8,0.2590284691252374
BPE,30,1.04,0.99424,-4.4,0.2592341197912249
BPE,30,1.04,0.9984,-4.0,0.25944164362142447
BPE,30,1.04,1.00256,-3.6,0.25959426748131526
BPE,30,1.04,1.00672,-3.2,0.2597498003413228
BPE,30,1.04,1.01088,-2.8,0.2599099308321643
BPE,30,1.04,1.01504,-2.4,0.2600716025172042
BPE,30,1.04,1.0192,-2.0,0.2602349349153422
BPE,30,1.04,1.02336,-1.6,0.2604000642566795
BPE,30,1.04,1.02752,-1.2,0.26056651593157315
BPE,30,1.04,1.03168,-0.8,0.26073484681723935
BPE,30,1.04,1.03584,-0.4,0.26090511326707916
BPE,30,1.04,1.04416,0.4,0.26128457033429253
BPE,30,1.04,1.04832,0.8,0.2615037496205708
BPE,30,1.04,1.05248,1.2,0.261726727554612
BPE,30,1.04,1.05664,1.6,0.2619521651249795
BPE,30,1.04,1.0608,2.0,0.2621794680388193
BPE,30,1.04,1.06496,2.4,0.2624087161636088
BPE,30,1.04,1.06912,2.8,0.2626402135604335
BPE,30,1.04,1.07328,3.2,0.2628743612848211
BPE,30,1.04,1.07744,3.6,0.2631107479691071
BPE,30,1.04,1.0816,4.0,0.26334985174133707
BPE,30,1.04,1.08576,4.4,0.2635915422801269
BPE,30,1.04,1.08992,4.8,0.2638358193347081
BPE,30,1.04,1.09408,5.2,0.2640538905149151
BPE,30,1.04,1.09824,5.6,0.2642681971743434
BPE,30,1.04,1.1024,6.0,0.2644853958458927
BPE,30,1.04,1.10656,6.4,0.2647053019640057
BPE,30,1.04,1.11072,6.8,0.2649282453277077
BPE,30,1.04,1.11488,7.2,0.26515372890524486
BPE,30,1.04,1.11904,7.6,0.26538258719972985
BPE,30,1.04,1.1232,8.0,0.26561521504249064
BPE,30,1.04,1.12736,8.4,0.26585044881733255
BPE,30,1.04,1.13152,8.8,0.2660887573849097
BPE,30,1.04,1.13568,9.2,0.2663302137789266
BPE,30,1.04,1.13984,9.6,0.26657453666954484
BPE,30,1.04,1.144,10.0,0.26682198439354765
BPE,40,1.04,0.936,-10.0,0.19581409364231353
BPE,40,1.04,0.94016,-9.6,0.19581268999215037
BPE,40,1.04,0.94432,-9.2,0.1958206861712592
BPE,40,1.04,0.94848,-8.8,0.19583840278517942
BPE,40,1.04,0.95264,-8.4,0.19585630024641387
BPE,40,1.04,0.9568,-8.0,0.19587435188187644
BPE,40,1.04,0.96096,-7.6,0.19589259038777224
BPE,40,1.04,0.96512,-7.2,0.19591113090692291
BPE,40,1.04,0.96928,-6.8,0.19592972109191806
BPE,40,1.04,0.97344,-6.4,0.1959484549165088
BPE,40,1.04,0.9776,-6.0,0.19596745791022976
BPE,40,1.04,0.98176,-5.6,0.19598670884967315
BPE,40,1.04,0.98592,-5.2,0.19600606751597496
BPE,40,1.04,0.99008,-4.8,0.19602549736531957
BPE,40,1.04,0.99424,-4.4,0.19604436315368604
BPE,40,1.04,0.9984,-4.0,0.19606265122449085
BPE,40,1.04,1.00256,-3.6,0.19608121691619013
BPE,40,1.04,1.00672,-3.2,0.1960998159667049
BPE,40,1.04,1.01088,-2.8,0.19611870090868705
BPE,40,1.04,1.01504,-2.4,0.1961377524816937
BPE,40,1.04,1.0192,-2.0,0.19615696555947593
BPE,40,1.04,1.02336,-1.6,0.1961764443875498
BPE,40,1.04,1.02752,-1.2,0.1961960780328232
BPE,40,1.04,1.03168,-0.8,0.19621586296421237
BPE,40,1.04,1.03584,-0.4,0.1962360020752212
BPE,40,1.04,1.04416,0.4,0.19627636250851538
BPE,40,1.04,1.04832,0.8,0.1962970665669118
BPE,40,1.04,1.05248,1.2,0.1963178977394168
BPE,40,1.04,1.05664,1.6,0.1963385914271888
BPE,40,1.04,1.0608,2.0,0.19635954548631424
BPE,40,1.04,1.06496,2.4,0.19638094663378805
BPE,40,1.04,1.06912,2.8,0.19640224320843483
BPE,40,1.04,1.07328,3.2,0.19642402890967264
BPE,40,1.04,1.07744,3.6,0.19644596873161893
BPE,40,1.04,1.0816,4.0,0.19647688583339898
BPE,40,1.04,1.08576,4.4,0.1965460816521819
BPE,40,1.04,1.08992,4.8,0.19661605464450416
BPE,40,1.04,1.09408,5.2,0.19668439856358103
BPE,40,1.04,1.09824,5.6,0.19675351435416272
BPE,40,1.04,1.1024,6.0,0.19682305230861186
BPE,40,1.04,1.10656,6.4,0.19689353966285617
BPE,40,1.04,1.11072,6.8,0.19696438381405187
BPE,40,1.04,1.11488,7.2,0.19703607192416722
BPE,40,1.04,1.11904,7.6,0.19710909697965365
BPE,40,1.04,1.1232,8.0,0.19718309293669584
BPE,40,1.04,1.12736,8.4,0.1972575893254821
BPE,40,1.04,1.13152,8.8,0.19733285790869462
BPE,40,1.04,1.13568,9.2,0.19740878647205756
BPE,40,1.04,1.13984,9.6,0.19748540229790126
BPE,40,1.04,1.144,10.0,0.19756275845815532
BPE,50,1.04,0.936,-10.0,0.15453981523556656
BPE,50,1.04,0.94016,-9.6,0.15452656746638316
BPE,50,1.04,0.94432,-9.2,0.15451347043391045
BPE,50,1.04,0.94848,-8.8,0.1545001827239324
BPE,50,1.04,0.95264,-8.4,0.1544871869939733
BPE,50,1.04,0.9568,-8.0,0.15447413764195322
BPE,50,1.04,0.96096,-7.6,0.15446104072353783
BPE,50,1.04,0.96512,-7.2,0.15444825973225024
BPE,50,1.04,0.96928,-6.8,0.1544352437229623
BPE,50,1.04,0.97344,-6.4,0.15442234010771547
BPE,50,1.04,0.9776,-6.0,0.15440952782822387
BPE,50,1.04,0.98176,-5.6,0.15439600972508807
BPE,50,1.04,0.98592,-5.2,0.15438261922800003
BPE,50,1.04,0.99008,-4.8,0.15436920447665714
BPE,50,1.04,0.99424,-4.4,0.15435594291787677
BPE,50,1.04,0.9984,-4.0,0.15434258612407203
BPE,50,1.04,1.00256,-3.6,0.15432916893480145
BPE,50,1.04,1.00672,-3.2,0.15431593088704534
BPE,50,1.04,1.01088,-2.8,0.15430279801768754
BPE,50,1.04,1.01504,-2.4,0.15428960211967416
BPE,50,1.04,1.0192,-2.0,0.1542757301876695
BPE,50,1.04,1.02336,-1.6,0.15426201456732297
BPE,50,1.04,1.02752,-1.2,0.15424616545258624
BPE,50,1.04,1.03168,-0.8,0.15422903183872116
BPE,50,1.04,1.03584,-0.4,0.15421175069024262
BPE,50,1.04,1.04416,0.4,0.15417724491826706
BPE,50,1.04,1.04832,0.8,0.15415997152140448
BPE,50,1.04,1.05248,1.2,0.1541431188043506
BPE,50,1.04,1.05664,1.6,0.154126075505807
BPE,50,1.04,1.0608,2.0,0.15410894140381423
BPE,50,1.04,1.06496,2.4,0.15409206676970022
BPE,50,1.04,1.06912,2.8,0.15407520954526963
BPE,50,1.04,1.07328,3.2,0.1540582195601579
BPE,50,1.04,1.07744,3.6,0.15404162270793734
BPE,50,1.04,1.0816,4.0,0.15402479244741368
BPE,50,1.04,1.08576,4.4,0.15400809058312107
BPE,50,1.04,1.08992,4.8,0.1539913757541572
BPE,50,1.04,1.09408,5.2,0.1539748219872339
BPE,50,1.04,1.09824,5.6,0.15395818880130163
BPE,50,1.04,1.1024,6.0,0.15394321110599868
BPE,50,1.04,1.10656,6.4,0.1539391032113032
BPE,50,1.04,1.11072,6.8,0.15393495201062593
BPE,50,1.04,1.11488,7.2,0.15393098959801296
BPE,50,1.04,1.11904,7.6,0.15392704971481927
BPE,50,1.04,1.1232,8.0,0.15392323364362742
BPE,50,1.04,1.12736,8.4,0.15391950752519434
BPE,50,1.04,1.13152,8.8,0.15391585839119096
BPE,50,1.04,1.13568,9.2,0.15391219171905027
BPE,50,1.04,1.13984,9.6,0.15390877358363045
BPE,50,1.04,1.144,10.0,0.15390541076655964
BPE,60,1.04,0.936,-10.0,0.12545708513324696
BPE,60,1.04,0.94016,-9.6,0.12544361826026623
BPE,60,1.04,0.94432,-9.2,0.1254302264579335
BPE,60,1.04,0.94848,-8.8,0.12541678527635974
BPE,60,1.04,0.95264,-8.4,0.12540333349438368
BPE,60,1.04,0.9568,-8.0,0.12539000548518103
BPE,60,1.04,0.96096,-7.6,0.12537669899747272
BPE,60,1.04,0.96512,-7.2,0.12536343191619823
BPE,60,1.04,0.96928,-6.8,0.1253501252298584
BPE,60,1.04,0.97344,-6.4,0.1253369785320107
BPE,60,1.04,0.9776,-6.0,0.12532367082723544
BPE,60,1.04,0.98176,-5.6,0.1253105413798986
BPE,60,1.04,0.98592,-5.2,0.1252973381527666
BPE,60,1.04,0.99008,-4.8,0.12528428511717893
BPE,60,1.04,0.99424,-4.4,0.12527121107695446
BPE,60,1.04,0.9984,-4.0,0.125258073407925
BPE,60,1.04,1.00256,-3.6,0.1252444813785697
BPE,60,1.04,1.00672,-3.2,0.12522983218656017
BPE,60,1.04,1.01088,-2.8,0.12521526513242845
BPE,60,1.04,1.01504,-2.4,0.1252006509806657
BPE,60,1.04,1.0192,-2.0,0.12518594761002208
BPE,60,1.04,1.02336,-1.6,0.12517134334829988
BPE,60,1.04,1.02752,-1.2,0.1251568883658736
BPE,60,1.04,1.03168,-0.8,0.12514227900819458
BPE,60,1.04,1.03584,-0.4,0.12512794136320074
BPE,60,1.04,1.04416,0.4,0.12509890578371297
BPE,60,1.04,1.04832,0.8,0.12508457336868528
BPE,60,1.04,1.05248,1.2,0.12507018765405123
BPE,60,1.04,1.05664,1.6,0.12505594705834297
BPE,60,1.04,1.0608,2.0,0.12504161732618171
BPE,60,1.04,1.06496,2.4,0.12502682858559244
BPE,60,1.04,1.06912,2.8,0.12501177139591746
BPE,60,1.04,1.07328,3.2,0.12499689171101497
BPE,60,1.04,1.07744,3.6,0.12498188294587448
BPE,60,1.04,1.0816,4.0,0.12496704568787671
BPE,60,1.04,1.08576,4.4,0.12495219047355507
BPE,60,1.04,1.08992,4.8,0.12493741339774872
BPE,60,1.04,1.09408,5.2,0.12492256250483667
BPE,60,1.04,1.09824,5.6,0.12490785652740152
BPE,60,1.04,1.1024,6.0,0.12489313506026535
BPE,60,1.04,1.10656,6.4,0.1248784608359061
BPE,60,1.04,1.11072,6.8,0.12486395155584545
BPE,60,1.04,1.11488,7.2,0.12484940213569848
BPE,60,1.04,1.11904,7.6,0.12483490807853333
BPE,60,1.04,1.1232,8.0,0.12482050260289139
BPE,60,1.04,1.12736,8.4,0.12480599176202788
BPE,60,1.04,1.13152,8.8,0.12479146003739737
BPE,60,1.04,1.13568,9.2,0.1247770738271077
BPE,60,1.04,1.13984,9.6,0.12476289122565012
BPE,60,1.04,1.144,10.0,0.12474840015868363
BPE,70,1.04,0.936,-10.0,0.1042034374866535
BPE,70,1.04,0.94016,-9.6,0.10419128890514448
BPE,70,1.04,0.94432,-9.2,0.10417918253163866
BPE,70,1.04,0.94848,-8.8,0.10416714503748009
BPE,70,1.04,0.95264,-8.4,0.10415508996832738
BPE,70,1.04,0.9568,-8.0,0.10414304850270292
BPE,70,1.04,0.96096,-7.6,0.1041310443517377
BPE,70,1.04,0.96512,-7.2,0.10411912702509342
BPE,70,1.04,0.96928,-6.8,0.10410707487146129
BPE,70,1.04,0.97344,-6.4,0.1040973455754076
BPE,70,1.04,0.9776,-6.0,0.10408925521422138
BPE,70,1.04,0.98176,-5.6,0.10408117837127177
BPE,70,1.04,0.98592,-5.2,0.10407314315952254
BPE,70,1.04,0.99008,-4.8,0.1040651407148124
BPE,70,1.04,0.99424,-4.4,0.1040571329525021
BPE,70,1.04,0.9984,-4.0,0.104049072573716
BPE,70,1.04,1.00256,-3.6,0.1040410420682421
BPE,70,1.04,1.00672,-3.2,0.10403313413993773
BPE,70,1.04,1.01088,-2.8,0.1040251934326197
BPE,70,1.04,1.01504,-2.4,0.10401725881775628
BPE,70,1.04,1.0192,-2.0,0.10400937980091671
BPE,70,1.04,1.02336,-1.6,0.10400141750482274
BPE,70,1.04,1.02752,-1.2,0.10399361102752833
BPE,70,1.04,1.03168,-0.8,0.10398575008311954
BPE,70,1.04,1.03584,-0.4,0.10397788754920959
BPE,70,1.04,1.04416,0.4,0.10396230711454671
BPE,70,1.04,1.04832,0.8,0.1039545402971799
BPE,70,1.04,1.05248,1.2,0.1039468329153987
BPE,70,1.04,1.05664,1.6,0.10393921232793897
BPE,70,1.04,1.0608,2.0,0.10393161183936425
BPE,70,1.04,1.06496,2.4,0.10392411505316757
BPE,70,1.04,1.06912,2.8,0.10391657292475535
BPE,70,1.04,1.07328,3.2,0.10390900488778637
BPE,70,1.04,1.07744,3.6,0.10390148769843702
BPE,70,1.04,1.0816,4.0,0.10389401437546128
BPE,70,1.04,1.08576,4.4,0.10388648347749127
BPE,70,1.04,1.08992,4.8,0.10387905514475688
BPE,70,1.04,1.09408,5.2,0.10387165700038864
BPE,70,1.04,1.09824,5.6,0.10386422490980758
BPE,70,1.04,1.1024,6.0,0.10385689650227634
BPE,70,1.04,1.10656,6.4,0.10384951394420056
BPE,70,1.04,1.11072,6.8,0.10384215008403727
BPE,70,1.04,1.11488,7.2,0.10383498053821406
BPE,70,1.04,1.11904,7.6,0.10382767526366851
BPE,70,1.04,1.1232,8.0,0.10382036845570775
BPE,70,1.04,1.12736,8.4,0.103813100029308
BPE,70,1.04,1.13152,8.8,0.10380585336058056
BPE,70,1.04,1.13568,9.2,0.10379863082967133
BPE,70,1.04,1.13984,9.6,0.10379145420553049
BPE,70,1.04,1.144,10.0,0.10378428336795462
BPE,80,1.04,0.936,-10.0,0.08731526703872071
BPE,80,1.04,0.94016,-9.6,0.08730787327073375
BPE,80,1.04,0.94432,-9.2,0.08730079262617241
BPE,80,1.04,0.94848,-8.8,0.08729381593365451
BPE,80,1.04,0.95264,-8.4,0.0872868553649597
BPE,80,1.04,0.9568,-8.0,0.08727984847670534
BPE,80,1.04,0.96096,-7.6,0.0872728629013674
BPE,80,1.04,0.96512,-7.2,0.08726603577626255
BPE,80,1.04,0.96928,-6.8,0.08725905249822287
BPE,80,1.04,0.97344,-6.4,0.08725218736775812
BPE,80,1.04,0.9776,-6.0,0.08724530785794637
BPE,80,1.04,0.98176,-5.6,0.08723842705795898
BPE,80,1.04,0.98592,-5.2,0.08723163478435683
BPE,80,1.04,0.99008,-4.8,0.08722485005122953
BPE,80,1.04,0.99424,-4.4,0.08721805185700651
BPE,80,1.04,0.9984,-4.0,0.08721113123943011
BPE,80,1.04,1.00256,-3.6,0.08720439738213137
BPE,80,1.04,1.00672,-3.2,0.08719764827261636
BPE,80,1.04,1.01088,-2.8,0.08719091995642284
BPE,80,1.04,1.01504,-2.4,0.08718419767706695
BPE,80,1.04,1.0192,-2.0,0.08717759914717578
BPE,80,1.04,1.02336,-1.6,0.08717095427907956
BPE,80,1.04,1.02752,-1.2,0.08716442379581338
BPE,80,1.04,1.03168,-0.8,0.08715785591847139
BPE,80,1.04,1.03584,-0.4,0.08715134830326754
BPE,80,1.04,1.04416,0.4,0.08713819110540479
BPE,80,1.04,1.04832,0.8,0.08713174515333114
BPE,80,1.04,1.05248,1.2,0.0871252509992313
BPE,80,1.04,1.05664,1.6,0.08711880411061729
BPE,80,1.04,1.0608,2.0,0.08711233690293065
BPE,80,1.04,1.06496,2.4,0.08710594409729587
BPE,80,1.04,1.06912,2.8,0.08709948443793225
BPE,80,1.04,1.07328,3.2,0.08709303247787484
BPE,80,1.04,1.07744,3.6,0.08708664098879035
BPE,80,1.04,1.0816,4.0,0.08708037315543479
BPE,80,1.04,1.08576,4.4,0.08707390237297462
BPE,80,1.04,1.08992,4.8,0.08706761142271646
BPE,80,1.04,1.09408,5.2,0.0870612448389693
BPE,80,1.04,1.09824,5.6,0.0870549717291949
BPE,80,1.04,1.1024,6.0,0.08704870215193747
BPE,80,1.04,1.10656,6.4,0.08704242366993238
BPE,80,1.04,1.11072,6.8,0.08703609788424971
BPE,80,1.04,1.11488,7.2,0.08702989565717742
BPE,80,1.04,1.11904,7.6,0.08702373600806829
BPE,80,1.04,1.1232,8.0,0.0870175418708234
BPE,80,1.04,1.12736,8.4,0.0870113417321805
BPE,80,1.04,1.13152,8.8,0.08700514896225005
BPE,80,1.04,1.13568,9.2,0.0869989738148603
BPE,80,1.04,1.13984,9.6,0.08699279435405773
BPE,80,1.04,1.144,10.0,0.08698672158828194
BPE,90,1.04,0.936,-10.0,0.07356077314782168
BPE,90,1.04,0.94016,-9.6,0.0735552237123981
BPE,90,1.04,0.94432,-9.2,0.0735497660198903
BPE,90,1.04,0.94848,-8.8,0.07354429841968121
BPE,90,1.04,0.95264,-8.4,0.0735388082380316
BPE,90,1.04,0.9568,-8.0,0.0735333557819643
BPE,90,1.04,0.96096,-7.6,0.0735272670580213
BPE,90,1.04,0.96512,-7.2,0.07352066768056063
BPE,90,1.04,0.96928,-6.8,0.07351406260886317
BPE,90,1.04,0.97344,-6.4,0.07350744513801391
BPE,90,1.04,0.9776,-6.0,0.07350089733634332
BPE,90,1.04,0.98176,-5.6,0.0734943580831682
BPE,90,1.04,0.98592,-5.2,0.07348780750054397
BPE,90,1.04,0.99008,-4.8,0.07348127263214577
BPE,90,1.04,0.99424,-4.4,0.07347476723404305
BPE,90,1.04,0.9984,-4.0,0.07346825790423739
BPE,90,1.04,1.00256,-3.6,0.07346180073608899
BPE,90,1.04,1.00672,-3.2,0.07345529702802726
BPE,90,1.04,1.01088,-2.8,0.07344890443657154
BPE,90,1.04,1.01504,-2.4,0.07344247918769563
BPE,90,1.04,1.0192,-2.0,0.07343598358328457
BPE,90,1.04,1.02336,-1.6,0.07342958561476078
BPE,90,1.04,1.02752,-1.2,0.07342320316062934
BPE,90,1.04,1.03168,-0.8,0.0734168271884264
BPE,90,1.04,1.03584,-0.4,0.07341051183392791
BPE,90,1.04,1.04416,0.4,0.07339783004971129
BPE,90,1.04,1.04832,0.8,0.07339147442919107
BPE,90,1.04,1.05248,1.2,0.07338520882574937
BPE,90,1.04,1.05664,1.6,0.07337893959431295
BPE,90,1.04,1.0608,2.0,0.07337267575544837
BPE,90,1.04,1.06496,2.4,0.07336634141044818
BPE,90,1.04,1.06912,2.8,0.07336014578029143
BPE,90,1.04,1.07328,3.2,0.07335411768445088
BPE,90,1.04,1.07744,3.6,0.07335073667377252
BPE,90,1.04,1.0816,4.0,0.07334728723917419
BPE,90,1.04,1.08576,4.4,0.07334377661193922
BPE,90,1.04,1.08992,4.8,0.07334009112737941
BPE,90,1.04,1.09408,5.2,0.07333643574653854
BPE,90,1.04,1.09824,5.6,0.0733327443583153
BPE,90,1.04,1.1024,6.0,0.07332905830865495
BPE,90,1.04,1.10656,6.4,0.073325413221481
BPE,90,1.04,1.11072,6.8,0.07332184404728811
BPE,90,1.04,1.11488,7.2,0.07331824354344918
BPE,90,1.04,1.11904,7.6,0.0733146740698641
BPE,90,1.04,1.1232,8.0,0.07331109631317442
BPE,90,1.04,1.12736,8.4,0.07330748074840991
BPE,90,1.04,1.13152,8.8,0.07330396034493439
BPE,90,1.04,1.13568,9.2,0.07330046274685514
BPE,90,1.04,1.13984,9.6,0.07329694293720992
BPE,90,1.04,1.144,10.0,0.07329341164632355
BPE,100,1.04,0.936,-10.0,0.06209566938217086
BPE,100,1.04,0.94016,-9.6,0.062088434214299666
BPE,100,1.04,0.94432,-9.2,0.06208130386029067
BPE,100,1.04,0.94848,-8.8,0.06207427437051623
BPE,100,1.04,0.95264,-8.4,0.06206723199942146
BPE,100,1.04,0.9568,-8.0,0.06206026701126695
BPE,100,1.04,0.96096,-7.6,0.06205330650935352
BPE,100,1.04,0.96512,-7.2,0.06204631407044208
BPE,100,1.04,0.96928,-6.8,0.062039399250572544
BPE,100,1.04,0.97344,-6.4,0.06203246055198891
BPE,100,1.04,0.9776,-6.0,0.062025505934695004
BPE,100,1.04,0.98176,-5.6,0.06201855596110018
BPE,100,1.04,0.98592,-5.2,0.062011679794811654
BPE,100,1.04,0.99008,-4.8,0.06200472035401737
BPE,100,1.04,0.99424,-4.4,0.06199792580339329
BPE,100,1.04,0.9984,-4.0,0.061991051825278545
BPE,100,1.04,1.00256,-3.6,0.06198478962423165
BPE,100,1.04,1.00672,-3.2,0.06197858318597467
BPE,100,1.04,1.01088,-2.8,0.06197247602090637
BPE,100,1.04,1.01504,-2.4,0.06196624416190874
BPE,100,1.04,1.0192,-2.0,0.06196004200386753
BPE,100,1.04,1.02336,-1.6,0.061953425212957706
BPE,100,1.04,1.02752,-1.2,0.06194664956469548
BPE,100,1.04,1.03168,-0.8,0.06193975316575037
BPE,100,1.04,1.03584,-0.4,0.06193265508549645
BPE,100,1.04,1.04416,0.4,0.061918311076412276
BPE,100,1.04,1.04832,0.8,0.06191115298232276
BPE,100,1.04,1.05248,1.2,0.06190401513312553
BPE,100,1.04,1.05664,1.6,0.061896892921037686
BPE,100,1.04,1.0608,2.0,0.06188975536463409
BPE,100,1.04,1.06496,2.4,0.06188268366315747
BPE,100,1.04,1.06912,2.8,0.061875496941487126
BPE,100,1.04,1.07328,3.2,0.06186814807552175
BPE,100,1.04,1.07744,3.6,0.06186089788295422
BPE,100,1.04,1.0816,4.0,0.06185360301998761
BPE,100,1.04,1.08576,4.4,0.06184634839417418
BPE,100,1.04,1.08992,4.8,0.061839153074448504
BPE,100,1.04,1.09408,5.2,0.061831965623763946
BPE,100,1.04,1.09824,5.6,0.061824656843915256
BPE,100,1.04,1.1024,6.0,0.061817492524243234
BPE,100,1.04,1.10656,6.4,0.061810287286035645
BPE,100,1.04,1.11072,6.8,0.061803116727358415
BPE,100,1.04,1.11488,7.2,0.061795942395147054
BPE,100,1.04,1.11904,7.6,0.06178880287105806
BPE,100,1.04,1.1232,8.0,0.06178167333637982
BPE,100,1.04,1.12736,8.4,0.061774452942398965
BPE,100,1.04,1.13152,8.8,0.06176736537066402
BPE,100,1.04,1.13568,9.2,0.06176025792035225
BPE,100,1.04,1.13984,9.6,0.06175313814537579
BPE,100,1.04,1.144,10.0,0.06174584182025583
BPE,120,1.04,0.936,-10.0,0.0431572182986415
BPE,120,1.04,0.94016,-9.6,0.0431373824057643
BPE,120,1.04,0.94432,-9.2,0.043117523155439846
BPE,120,1.04,0.94848,-8.8,0.043097708602324356
BPE,120,1.04,0.95264,-8.4,0.043077923851567564
BPE,120,1.04,0.9568,-8.0,0.043058114076233805
BPE,120,1.04,0.96096,-7.6,0.04303825897495405
BPE,120,1.04,0.96512,-7.2,0.04301834554011219
BPE,120,1.04,0.96928,-6.8,0.042998551319117256
BPE,120,1.04,0.97344,-6.4,0.042978678671210635
BPE,120,1.04,0.9776,-6.0,0.042958902900437204
BPE,120,1.04,0.98176,-5.6,0.04293906214641406
BPE,120,1.04,0.98592,-5.2,0.04291930577308477
BPE,120,1.04,0.99008,-4.8,0.04289954430294632
BPE,120,1.04,0.99424,-4.4,0.0428797731921372
BPE,120,1.04,0.9984,-4.0,0.0428600149344391
BPE,120,1.04,1.00256,-3.6,0.04284029312618917
BPE,120,1.04,1.00672,-3.2,0.04282069984487161
BPE,120,1.04,1.01088,-2.8,0.04280126752133834
BPE,120,1.04,1.01504,-2.4,0.04278170717501928
BPE,120,1.04,1.0192,-2.0,0.042761732050473206
BPE,120,1.04,1.02336,-1.6,0.04274127661523958
BPE,120,1.04,1.02752,-1.2,0.042720846013585445
BPE,120,1.04,1.03168,-0.8,0.04270066681445917
BPE,120,1.04,1.03584,-0.4,0.042680512866920976
BPE,120,1.04,1.04416,0.4,0.042440684798066924
BPE,120,1.04,1.04832,0.8,0.04224350607637385
BPE,120,1.04,1.05248,1.2,0.042050242277193985
BPE,120,1.04,1.05664,1.6,0.04186150900999648
BPE,120,1.04,1.0608,2.0,0.04167660127678206
BPE,120,1.04,1.06496,2.4,0.04149616176430381
BPE,120,1.04,1.06912,2.8,0.04132058998142908
BPE,120,1.04,1.07328,3.2,0.041149923129584584
BPE,120,1.04,1.07744,3.6,0.04098423715895468
BPE,120,1.04,1.0816,4.0,0.04082355512372006
BPE,120,1.04,1.08576,4.4,0.040668034876508066
BPE,120,1.04,1.08992,4.8,0.04051763690660404
BPE,120,1.04,1.09408,5.2,0.04037249828962855
BPE,120,1.04,1.09824,5.6,0.040232651423760174
BPE,120,1.04,1.1024,6.0,0.04009818627564196
BPE,120,1.04,1.10656,6.4,0.039969194483348465
BPE,120,1.04,1.11072,6.8,0.03984580488579815
BPE,120,1.04,1.11488,7.2,0.039727933387794456
BPE,120,1.04,1.11904,7.6,0.039607399863889704
BPE,120,1.04,1.1232,8.0,0.039479437718048224
BPE,120,1.04,1.12736,8.4,0.03936086034134451
BPE,120,1.04,1.13152,8.8,0.03925203689687348
BPE,120,1.04,1.13568,9.2,0.039153050740002755
BPE,120,1.04,1.13984,9.6,0.03906420982908739
BPE,120,1.04,1.144,10.0,0.038985679132022055
BPE,140,1.04,0.936,-10.0,0.027637753903539824
BPE,140,1.04,0.94016,-9.6,0.027546837300088396
BPE,140,1.04,0.94432,-9.2,0.027459657916453883
BPE,140,1.04,0.94848,-8.8,0.027365067629949273
BPE,140,1.04,0.95264,-8.4,0.027270058511084206
BPE,140,1.04,0.9568,-8.0,0.02718143727993232
BPE,140,1.04,0.96096,-7.6,0.027099503381437844
BPE,140,1.04,0.96512,-7.2,0.027024471399999535
BPE,140,1.04,0.96928,-6.8,0.026956480771391008
BPE,140,1.04,0.97344,-6.4,0.026895718038341742
BPE,140,1.04,0.9776,-6.0,0.0268423411102681
BPE,140,1.04,0.98176,-5.6,0.026796543051452765
BPE,140,1.04,0.98592,-5.2,0.02675856669907899
BPE,140,1.04,0.99008,-4.8,0.026730241745025817
BPE,140,1.04,0.99424,-4.4,0.026718032659703593
BPE,140,1.04,0.9984,-4.0,0.026711274260630122
BPE,140,1.04,1.00256,-3.6,0.026710029895422007
BPE,140,1.04,1.00672,-3.2,0.026714453127794018
BPE,140,1.04,1.01088,-2.8,0.02672474987721115
BPE,140,1.04,1.01504,-2.4,0.026740984451689376
BPE,140,1.04,1.0192,-2.0,0.02676340487323884
BPE,140,1.04,1.02336,-1.6,0.02679211205199104
BPE,140,1.04,1.02752,-1.2,0.026759375114289958
BPE,140,1.04,1.03168,-0.8,0.026667434002000598
BPE,140,1.04,1.03584,-0.4,0.026575800052730504
BPE,140,1.04,1.04416,0.4,0.0263934847680351
BPE,140,1.04,1.04832,0.8,0.026302791439497708
BPE,140,1.04,1.05248,1.2,0.026212403822804643
BPE,140,1.04,1.05664,1.6,0.02612234523523677
BPE,140,1.04,1.0608,2.0,0.02603261552126062
BPE,140,1.04,1.06496,2.4,0.0259431798368967
BPE,140,1.04,1.06912,2.8,0.025854053574346673
BPE,140,1.04,1.07328,3.2,0.02576524842351406
BPE,140,1.04,1.07744,3.6,0.02567648617636446
BPE,140,1.04,1.0816,4.0,0.025584527373816023
BPE,140,1.04,1.08576,4.4,0.02549290023490892
BPE,140,1.04,1.08992,4.8,0.025401644280288443
BPE,140,1.04,1.09408,5.2,0.025310752498299425
BPE,140,1.04,1.09824,5.6,0.025219703734886252
BPE,140,1.04,1.1024,6.0,0.02512899816249583
BPE,140,1.04,1.10656,6.4,0.025038597162150265
BPE,140,1.04,1.11072,6.8,0.024948599610960298
BPE,140,1.04,1.11488,7.2,0.024858922182311102
BPE,140,1.04,1.11904,7.6,0.02476958230201195
BPE,140,1.04,1.1232,8.0,0.024680587448818833
BPE,140,1.04,1.12736,8.4,0.024591767122166854
BPE,140,1.04,1.13152,8.8,0.024503239272811967
BPE,140,1.04,1.13568,9.2,0.024415105018111706
BPE,140,1.04,1.13984,9.6,0.024327236992481897
BPE,140,1.04,1.144,10.0,0.024239688033661506
