model_id,path,version,status,architecture,loss,input_scale,training_bin_range,created_date,notes
tracknet10-original,models/tracknet10-original/v1/model.pkl,v1,active,"Conv1D k3,k3 dense512,250",MSE,0.001,"[0,249]",2026-07-06,Primary baseline model
piecewise6,models/piecewise6/v1/model.pkl,v1,archived,"Conv1D k3,k3 dense512,250",MSE,0.001,"[0,249]",2026-07-07,Piecewise6 training set
piecewise6-offset-1.1,models/piecewise6-offset-1.1/v1/model.pkl,v1,archived,"Conv1D k3,k3 dense512,250",MSE,0.001,"[0,249]",2026-07-08,Piecewise6 with noise offset 1.1
piecewise6-offset-1.2,models/piecewise6-offset-1.2/v1/model.pkl,v1,archived,"Conv1D k3,k3 dense512,250",MSE,0.001,"[0,249]",2026-07-08,Piecewise6 with noise offset 1.2
piecewise6-offset-1.3,models/piecewise6-offset-1.3/v1/model.pkl,v1,archived,"Conv1D k3,k3 dense512,250",MSE,0.001,"[0,249]",2026-07-08,Piecewise6 with noise offset 1.3
piecewise6-offset-1.4,models/piecewise6-offset-1.4/v1/model.pkl,v1,archived,"Conv1D k3,k3 dense512,250",MSE,0.001,"[0,249]",2026-07-08,Piecewise6 with noise offset 1.4
k11-k3-d256-d128-mse,models/k11-k3-d256-d128-mse/v1/model.pkl,v1,archived,"Conv1D k11,k3 dense256,128,250",MSE,0.001,"[0,249]",2026-07-09,k11+k3 architecture
k25-k11-k3-mse,models/k25-k11-k3-mse/v1/model.pkl,v1,archived,"Conv1D k25,k11,k3 dense256,64,250",MSE,0.001,"[0,249]",2026-07-09,k25+k11+k3 MSE loss
k25-k11-k3-mae,models/k25-k11-k3-mae/v1/model.pkl,v1,archived,"Conv1D k25,k11,k3 dense256,64,250",MAE,0.001,"[0,249]",2026-07-13,k25+k11+k3 MAE loss
k25-k11-k3-mae-scale0005,models/k25-k11-k3-mae-scale0005/v1/model.pkl,v1,archived,"Conv1D k25,k11,k3 dense256,64,250",MAE,0.0005,"[0,249]",2026-07-13,MAE scale=0.0005
k25-k11-k3-mae-scale01,models/k25-k11-k3-mae-scale01/v1/model.pkl,v1,active,"Conv1D k25,k11,k3 dense256,64,250",MAE,0.1,"[0,249]",2026-07-13,Primary best model scale=0.1
k25-k11-k3-mae-bins240,models/k25-k11-k3-mae-bins240/v1/model.pkl,v1,archived,"Conv1D k25,k11,k3 dense256,64,250",MAE,0.001,"[0,240]",2026-07-14,MAE bins 0-240
k25-k11-k3-mae-bins50-240,models/k25-k11-k3-mae-bins50-240/v1/model.pkl,v1,active,"Conv1D k25,k11,k3 dense256,64,250",MAE,0.001,"[50,240]",2026-07-14,Primary best model bins 50-240
k51-k11-k3-mae-s1-bins50-240,models/k51-k11-k3-mae-s1-bins50-240/v1/model.pkl,v1,active,"Conv1D k51(s1),k11,k3 dense256,64,250",MAE,0.001,"[50,240]",2026-08-03,k51 stride=1 — val_mae=0.0827 1.13M params
k51-k11-k3-mae-s2-bins50-240,models/k51-k11-k3-mae-s2-bins50-240/v1/model.pkl,v1,active,"Conv1D k51(s2),k11,k3 dense256,64,250",MAE,0.001,"[50,240]",2026-08-03,k51 stride=2 — val_mae=0.0967 624K params
k100s2-k25s2-k11-k3-d256-d64-mae-bins50-240,models/k100s2-k25s2-k11-k3-d256-d64-mae-bins50-240/v1/model.pkl,v1,active,"Conv1D k100(s2),k25(s2),k11,k3 dense256,64,250",MAE,0.001,"[50,240]",2026-08-03,4-layer 458K params — val_mae=0.1283 still converging at ep25
bpe-only,null,v1,legacy,unknown,unknown,unknown,unknown,unknown,BPE-only training; CNN_BPE_only.pkl at root
piecewise6-noise-root,null,v1,legacy,unknown,unknown,unknown,unknown,unknown,Root piecewise6_noise/ folder; provenance unclear
legacy-biasedweights-output,null,v1,legacy,unknown,unknown,unknown,unknown,unknown,Old output/ and TestFolder/OLD_Data_Analysis/ pkl files
